DT_YEAR_COLLISION,DT_MONTH_COLLISION,DT_TIME,CD_NIS,TX_RGN_COLLISION_FR,TX_RGN_COLLISION_NL,TX_PROV_COLLISION_FR,TX_PROV_COLLISION_NL,TX_MUNTY_COLLISION_FR,TX_MUNTY_COLLISION_NL,MS_X_COORD,MS_Y_COORD,CD_CROSSWAY,TX_CROSSWAY_FR,TX_CROSSWAY_NL,CD_WEATHER,TX_WEATHER_FR,TX_WEATHER_NL,CD_ROAD_CONDITION,TX_ROAD_CONDITION_FR,TX_ROAD_CONDITION_NL,CD_BUILD_UP_AREA,TX_BUILD_UP_AREA_FR,TX_BUILD_UP_AREA_NL,CD_LIGHT_CONDITION,TX_LIGHT_CONDITION_FR,TX_LIGHT_CONDITION_NL,CD_ROAD_TYPE,CD_ROAD_TYPE_FR,CD_ROAD_TYPE_NL,CD_CLASS_ACCIDENTS,TX_CLASS_ACCIDENTS_FR,TX_CLASS_ACCIDENTS_NL,CD_ROAD_USR_TYPE1,TX_ROAD_USR_TYPE1_FR,TX_ROAD_USR_TYPE1_NL,CD_ROAD_USR_TYPE2,TX_ROAD_USR_TYPE2_FR,TX_ROAD_USR_TYPE2_NL,CD_COLLISION_TYPE,TX_COLLISON_TYPE_FR,TX_COLLISION_TYPE_NL,CD_OBSTACLES,TX_OBSTACLES_FR,TX_OBSTACLES_NL,LAT,LON
2024,02,17,31005,Région flamande,Vlaams Gewest,Province de Flandre occidentale,Provincie West-Vlaanderen,Bruges,Brugge, 68691.530941,214173.538221,2,Hors carrefour,Buiten Kruispunt,1,Normales,Normaal,2,Humide, mouillé, flaques,Nat, plassen,1,En agglomération,binnen bebouwde kom,1,Jour,Dag,3,Route régionale,Gewestweg,4,Avec blessé(s) leger(s),met lichtgewonden,09,Voiture,personenauto,06,Cyclomoteur,Bromfiets,4,Entre 2 conducteurs: Par le côté (avant/derrière-flanc),Tss. 2 best.: langs opzij (voor-/achterkant-flank),51.231763,3.204648
2024,02,16,31005,Région flamande,Vlaams Gewest,Province de Flandre occidentale,Provincie West-Vlaanderen,Bruges,Brugge, 71335.101155,212027.594422,2,Hors carrefour,Buiten Kruispunt,2,Pluie,Regenval,2,Humide, mouillé, flaques,Nat, plassen,1,En agglomération,binnen bebouwde kom,1,Jour,Dag,2,Route communale,Gemeenteweg,4,Avec blessé(s) leger(s),met lichtgewonden,09,Voiture,personenauto,03,Bicyclette,Fiets,A,Entre 2 conducteurs: Flanc contre flanc,Tussen 2 bestuurders: Flank tegen flank,51.212843,3.242956
2024,02,17,31005,Région flamande,Vlaams Gewest,Province de Flandre occidentale,Provincie West-Vlaanderen,Bruges,Brugge, 68620.150492,208515.528620,2,Hors carrefour,Buiten Kruispunt,2,Pluie,Regenval,2,Humide, mouillé, flaques,Nat, plassen,1,En agglomération,binnen bebouwde kom,3,Nuit, éclairage public présent et allumé,Nacht, openbare verlichting aanwezig en ontstoken,3,Route régionale,Gewestweg,4,Avec blessé(s) leger(s),met lichtgewonden,09,Voiture,personenauto,09,Voiture,personenauto,1,51.180903,3.204895
2024,02,11,31005,Région flamande,Vlaams Gewest,Province de Flandre occidentale,Provincie West-Vlaanderen,Bruges,Brugge, 69604.705202,214764.346807,2,Hors carrefour,Buiten Kruispunt,1,Normales,Normaal,1,Sec,Droog,2,Hors agglomération,buiten bebouwde kom,1,Jour,Dag,2,Route communale,Gemeenteweg,4,Avec blessé(s) leger(s),met lichtgewonden,09,Voiture,personenauto,02,Autres,Andere weggebruiker,A,Entre 2 conducteurs: Flanc contre flanc,Tussen 2 bestuurders: Flank tegen flank,0,Pas d’obstacle,Geen hindernis,51.237201,3.217589
2024,02,10,31005,Région flamande,Vlaams Gewest,Province de Flandre occidentale,Provincie West-Vlaanderen,Bruges,Brugge, 70058.285712,211604.909273,2,Hors carrefour,Buiten Kruispunt,2,Pluie,Regenval,2,Humide, mouillé, flaques,Nat, plassen,1,En agglomération,binnen bebouwde kom,1,Jour,Dag,3,Route régionale,Gewestweg,4,Avec blessé(s) leger(s),met lichtgewonden,03,Bicyclette,Fiets,06,Cyclomoteur,Bromfiets,A,Entre 2 conducteurs: Flanc contre flanc,Tussen 2 bestuurders: Flank tegen flank,51.208869,3.224779
2024,02,16,31005,Région flamande,Vlaams Gewest,Province de Flandre occidentale,Provincie West-Vlaanderen,Bruges,Brugge, 73350.722157,211363.580037,2,Hors carrefour,Buiten Kruispunt,1,Normales,Normaal,1,Sec,Droog,1,En agglomération,binnen bebouwde kom,1,Jour,Dag,3,Route régionale,Gewestweg,4,Avec blessé(s) leger(s),met lichtgewonden,09,Voiture,personenauto,05,Camionnette,Lichte vrachtauto,3,Entre 2 conducteurs: Par l'arrière,Tussen 2 bestuurders: Langs achteren,0,Pas d’obstacle,Geen hindernis,51.207147,3.271939
2024,02,15,31005,Région flamande,Vlaams Gewest,Province de Flandre occidentale,Provincie West-Vlaanderen,Bruges,Brugge, 70591.554941,209761.119259,2,Hors carrefour,Buiten Kruispunt,9,Inconnues, indéterminées,Onbekend,9,Inconnu, indéterminé,Onbekend,1,En agglomération,binnen bebouwde kom,1,Jour,Dag,2,Route communale,Gemeenteweg,4,Avec blessé(s) leger(s),met lichtgewonden,99,inconnu,onbekend,99,inconnu,onbekend,0,Type de collision non mentionné,Geen vermelding van de type aanrijding,-1,51.192372,3.232813
2024,02,18,31005,Région flamande,Vlaams Gewest,Province de Flandre occidentale,Provincie West-Vlaanderen,Bruges,Brugge, 74411.869739,211507.970260,2,Hors carrefour,Buiten Kruispunt,1,Normales,Normaal,5,Sale (sable, gravier, feuilles,...),Vuil (zand, grint, bladeren,...),1,En agglomération,binnen bebouwde kom,1,Jour,Dag,2,Route communale,Gemeenteweg,4,Avec blessé(s) leger(s),met lichtgewonden,99,inconnu,onbekend,99,inconnu,onbekend,51.208584,3.287091
2024,02,15,31005,Région flamande,Vlaams Gewest,Province de Flandre occidentale,Provincie West-Vlaanderen,Bruges,Brugge, 68199.246846,218259.948133,1,Carrefour,Op Kruispunt,1,Normales,Normaal,1,Sec,Droog,1,En agglomération,binnen bebouwde kom,1,Jour,Dag,3,Route régionale,Gewestweg,4,Avec blessé(s) leger(s),met lichtgewonden,09,Voiture,personenauto,09,Voiture,personenauto,4,Entre 2 conducteurs: Par le côté (avant/derrière-flanc),Tss. 2 best.: langs opzij (voor-/achterkant-flank),0,Pas d’obstacle,Geen hindernis,51.268419,3.196678
2024,02,13,31005,Région flamande,Vlaams Gewest,Province de Flandre occidentale,Provincie West-Vlaanderen,Bruges,Brugge, 70719.285567,208570.520073,2,Hors carrefour,Buiten Kruispunt,1,Normales,Normaal,1,Sec,Droog,1,En agglomération,binnen bebouwde kom,1,Jour,Dag,3,Route régionale,Gewestweg,4,Avec blessé(s) leger(s),met lichtgewonden,09,Voiture,personenauto,06,Cyclomoteur,Bromfiets,4,Entre 2 conducteurs: Par le côté (avant/derrière-flanc),Tss. 2 best.: langs opzij (voor-/achterkant-flank),0,Pas d’obstacle,Geen hindernis,51.181689,3.2349
2024,02,11,31005,Région flamande,Vlaams Gewest,Province de Flandre occidentale,Provincie West-Vlaanderen,Bruges,Brugge, 71224.949165,211706.872414,1,Carrefour,Op Kruispunt,1,Normales,Normaal,1,Sec,Droog,1,En agglomération,binnen bebouwde kom,1,Jour,Dag,2,Route communale,Gemeenteweg,3,Avec blessé(s) grave(s),met zwaargewonden,09,Voiture,personenauto,03,Bicyclette,Fiets,4,Entre 2 conducteurs: Par le côté (avant/derrière-flanc),Tss. 2 best.: langs opzij (voor-/achterkant-flank),0,Pas d’obstacle,Geen hindernis,51.209946,3.24145
2024,02,12,31005,Région flamande,Vlaams Gewest,Province de Flandre occidentale,Provincie West-Vlaanderen,Bruges,Brugge, 68846.505744,212729.001241,1,Carrefour,Op Kruispunt,1,Normales,Normaal,1,Sec,Droog,1,En agglomération,binnen bebouwde kom,1,Jour,Dag,2,Route communale,Gemeenteweg,4,Avec blessé(s) leger(s),met lichtgewonden,09,Voiture,personenauto,03,Bicyclette,Fiets,4,Entre 2 conducteurs: Par le côté (avant/derrière-flanc),Tss. 2 best.: langs opzij (voor-/achterkant-flank),0,Pas d’obstacle,Geen hindernis,51.218803,3.20719
2024,02,08,31005,Région flamande,Vlaams Gewest,Province de Flandre occidentale,Provincie West-Vlaanderen,Bruges,Brugge, 71179.992144,212011.747481,1,Carrefour,Op Kruispunt,1,Normales,Normaal,1,Sec,Droog,1,En agglomération,binnen bebouwde kom,1,Jour,Dag,3,Route régionale,Gewestweg,4,Avec blessé(s) leger(s),met lichtgewonden,09,Voiture,personenauto,03,Bicyclette,Fiets,4,Entre 2 conducteurs: Par le côté (avant/derrière-flanc),Tss. 2 best.: langs opzij (voor-/achterkant-flank),0,Pas d’obstacle,Geen hindernis,51.21268,3.24074
2024,02,19,31005,Région flamande,Vlaams Gewest,Province de Flandre occidentale,Provincie West-Vlaanderen,Bruges,Brugge, 68987.046231,218092.945382,2,Hors carrefour,Buiten Kruispunt,1,Normales,Normaal,1,Sec,Droog,2,Hors agglomération,buiten bebouwde kom,3,Nuit, éclairage public présent et allumé,Nacht, openbare verlichting aanwezig en ontstoken,2,Route communale,Gemeenteweg,4,Avec blessé(s) leger(s),met lichtgewonden,03,Bicyclette,Fiets,10,usager seul,één bestuurder, geen hindernis,8,Un seul usager, pas d'obstacle (chute incl.),51.267029,3.208002
2024,01,19,31005,Région flamande,Vlaams Gewest,Province de Flandre occidentale,Provincie West-Vlaanderen,Bruges,Brugge, 72294.372703,212126.753504,2,Hors carrefour,Buiten Kruispunt,9,Inconnues, indéterminées,Onbekend,9,Inconnu, indéterminé,Onbekend,9,inconnu,onbekend,9,Inconnu, indéterminé,Onbekend,2,Route communale,Gemeenteweg,4,Avec blessé(s) leger(s),met lichtgewonden,99,inconnu,onbekend,99,inconnu,onbekend,0,Type de collision non mentionné,Geen vermelding van de type aanrijding,51.213864,3.256662
2024,02,13,31005,Région flamande,Vlaams Gewest,Province de Flandre occidentale,Provincie West-Vlaanderen,Bruges,Brugge, 68023.034767,211244.074264,1,Carrefour,Op Kruispunt,1,Normales,Normaal,1,Sec,Droog,1,En agglomération,binnen bebouwde kom,1,Jour,Dag,2,Route communale,Gemeenteweg,3,Avec blessé(s) grave(s),met zwaargewonden,03,Bicyclette,Fiets,08,Piéton,Voetganger,5,Avec un piéton,Met een voetganger,0,Pas d’obstacle,Geen hindernis,51.205341,3.195741
2024,02,10,31005,Région flamande,Vlaams Gewest,Province de Flandre occidentale,Provincie West-Vlaanderen,Bruges,Brugge, 73857.905268,211362.990557,2,Hors carrefour,Buiten Kruispunt,1,Normales,Normaal,1,Sec,Droog,2,Hors agglomération,buiten bebouwde kom,1,Jour,Dag,3,Route régionale,Gewestweg,4,Avec blessé(s) leger(s),met lichtgewonden,09,Voiture,personenauto,09,Voiture,personenauto,4,Entre 2 conducteurs: Par le côté (avant/derrière-flanc),Tss. 2 best.: langs opzij (voor-/achterkant-flank),0,Pas d’obstacle,Geen hindernis,51.207208,3.279195
2024,02,16,31005,Région flamande,Vlaams Gewest,Province de Flandre occidentale,Provincie West-Vlaanderen,Bruges,Brugge, 69183.843729,225597.954270,1,Carrefour,Op Kruispunt,1,Normales,Normaal,1,Sec,Droog,2,Hors agglomération,buiten bebouwde kom,1,Jour,Dag,3,Route régionale,Gewestweg,3,Avec blessé(s) grave(s),met zwaargewonden,09,Voiture,personenauto,09,Voiture,personenauto,4,Entre 2 conducteurs: Par le côté (avant/derrière-flanc),Tss. 2 best.: langs opzij (voor-/achterkant-flank),0,Pas d’obstacle,Geen hindernis,51.334505,3.209143
2024,02,08,31005,Région flamande,Vlaams Gewest,Province de Flandre occidentale,Provincie West-Vlaanderen,Bruges,Brugge, 71269.529744,209285.238232,1,Carrefour,Op Kruispunt,1,Normales,Normaal,1,Sec,Droog,1,En agglomération,binnen bebouwde kom,1,Jour,Dag,2,Route communale,Gemeenteweg,4,Avec blessé(s) leger(s),met lichtgewonden,09,Voiture,personenauto,99,inconnu,onbekend,4,Entre 2 conducteurs: Par le côté (avant/derrière-flanc),Tss. 2 best.: langs opzij (voor-/achterkant-flank),0,Pas d’obstacle,Geen hindernis,51.188188,3.242613
2024,02,15,31005,Région flamande,Vlaams Gewest,Province de Flandre occidentale,Provincie West-Vlaanderen,Bruges,Brugge, 70577.144720,211158.583256,1,Carrefour,Op Kruispunt,1,Normales,Normaal,1,Sec,Droog,1,En agglomération,binnen bebouwde kom,1,Jour,Dag,2,Route communale,Gemeenteweg,4,Avec blessé(s) leger(s),met lichtgewonden,03,Bicyclette,Fiets,03,Bicyclette,Fiets,4,Entre 2 conducteurs: Par le côté (avant/derrière-flanc),Tss. 2 best.: langs opzij (voor-/achterkant-flank),0,Pas d’obstacle,Geen hindernis,51.204929,3.232301
2024,02,16,31004,Région flamande,Vlaams Gewest,Province de Flandre occidentale,Provincie West-Vlaanderen,Blankenberge,Blankenberge, 64178.826471,222317.009699,2,Hors carrefour,Buiten Kruispunt,1,Normales,Normaal,1,Sec,Droog,1,En agglomération,binnen bebouwde kom,2,Aube, crépuscule,Dageraad - schemering,2,Route communale,Gemeenteweg,4,Avec blessé(s) leger(s),met lichtgewonden,09,Voiture,personenauto,03,Bicyclette,Fiets,2,Entre 2 conducteurs: Collision frontale,Tussen 2 bestuurders: Frontale botsing,0,Pas d’obstacle,51.304296,3.138119
2024,02,11,31004,Région flamande,Vlaams Gewest,Province de Flandre occidentale,Provincie West-Vlaanderen,Blankenberge,Blankenberge, 64520.516751,222230.409948,1,Carrefour,Op Kruispunt,1,Normales,Normaal,1,Sec,Droog,1,En agglomération,binnen bebouwde kom,1,Jour,Dag,3,Route régionale,Gewestweg,4,Avec blessé(s) leger(s),met lichtgewonden,09,Voiture,personenauto,03,Bicyclette,Fiets,3,Entre 2 conducteurs: Par l'arrière,Tussen 2 bestuurders: Langs achteren,0,Pas d’obstacle,Geen hindernis,51.303568,3.143039
2024,02,10,31004,Région flamande,Vlaams Gewest,Province de Flandre occidentale,Provincie West-Vlaanderen,Blankenberge,Blankenberge, 63575.815759,223541.923229,1,Carrefour,Op Kruispunt,1,Normales,Normaal,2,Humide, mouillé, flaques,Nat, plassen,1,En agglomération,binnen bebouwde kom,1,Jour,Dag,3,Route régionale,Gewestweg,4,Avec blessé(s) leger(s),met lichtgewonden,09,Voiture,personenauto,99,inconnu,onbekend,4,Entre 2 conducteurs: Par le côté (avant/derrière-flanc),Tss. 2 best.: langs opzij (voor-/achterkant-flank),51.315214,3.129181
2024,02,12,31004,Région flamande,Vlaams Gewest,Province de Flandre occidentale,Provincie West-Vlaanderen,Blankenberge,Blankenberge, 63994.280719,223322.665245,1,Carrefour,Op Kruispunt,2,Pluie,Regenval,2,Humide, mouillé, flaques,Nat, plassen,1,En agglomération,binnen bebouwde kom,1,Jour,Dag,3,Route régionale,Gewestweg,4,Avec blessé(s) leger(s),met lichtgewonden,09,Voiture,personenauto,03,Bicyclette,Fiets,4,Entre 2 conducteurs: Par le côté (avant/derrière-flanc),Tss. 2 best.: langs opzij (voor-/achterkant-flank),51.313306,3.135234
2024,02,06,31004,Région flamande,Vlaams Gewest,Province de Flandre occidentale,Provincie West-Vlaanderen,Blankenberge,Blankenberge, 64520.516751,222230.409948,1,Carrefour,Op Kruispunt,9,Inconnues, indéterminées,Onbekend,9,Inconnu, indéterminé,Onbekend,1,En agglomération,binnen bebouwde kom,9,Inconnu, indéterminé,Onbekend,3,Route régionale,Gewestweg,4,Avec blessé(s) leger(s),met lichtgewonden,09,Voiture,personenauto,03,Bicyclette,Fiets,4,Entre 2 conducteurs: Par le côté (avant/derrière-flanc),Tss. 2 best.: langs opzij (voor-/achterkant-flank),51.303568,3.143039
2024,02,13,31043,Région flamande,Vlaams Gewest,Province de Flandre occidentale,Provincie West-Vlaanderen,Knokke-Heist,Knokke-Heist, 71308.748114,226081.785055,1,Carrefour,Op Kruispunt,1,Normales,Normaal,2,Humide, mouillé, flaques,Nat, plassen,1,En agglomération,binnen bebouwde kom,1,Jour,Dag,3,Route régionale,Gewestweg,4,Avec blessé(s) leger(s),met lichtgewonden,03,Bicyclette,Fiets,09,Voiture,personenauto,4,Entre 2 conducteurs: Par le côté (avant/derrière-flanc),Tss. 2 best.: langs opzij (voor-/achterkant-flank),51.339147,3.239522
2024,02,15,31043,Région flamande,Vlaams Gewest,Province de Flandre occidentale,Provincie West-Vlaanderen,Knokke-Heist,Knokke-Heist, 74760.334740,226472.728287,1,Carrefour,Op Kruispunt,1,Normales,Normaal,1,Sec,Droog,1,En agglomération,binnen bebouwde kom,1,Jour,Dag,2,Route communale,Gemeenteweg,4,Avec blessé(s) leger(s),met lichtgewonden,05,Camionnette,Lichte vrachtauto,09,Voiture,personenauto,4,Entre 2 conducteurs: Par le côté (avant/derrière-flanc),Tss. 2 best.: langs opzij (voor-/achterkant-flank),0,Pas d’obstacle,Geen hindernis,51.343121,3.288965
2024,02,16,31006,Région flamande,Vlaams Gewest,Province de Flandre occidentale,Provincie West-Vlaanderen,Damme,Damme, 75152.962770,214039.028250,1,Carrefour,Op Kruispunt,2,Pluie,Regenval,2,Humide, mouillé, flaques,Nat, plassen,2,Hors agglomération,buiten bebouwde kom,1,Jour,Dag,2,Route communale,Gemeenteweg,4,Avec blessé(s) leger(s),met lichtgewonden,09,Voiture,personenauto,09,Voiture,personenauto,4,Entre 2 conducteurs: Par le côté (avant/derrière-flanc),Tss. 2 best.: langs opzij (voor-/achterkant-flank),51.231428,3.297172
2024,02,10,31043,Région flamande,Vlaams Gewest,Province de Flandre occidentale,Provincie West-Vlaanderen,Knokke-Heist,Knokke-Heist, 74871.120310,226607.734034,2,Hors carrefour,Buiten Kruispunt,1,Normales,Normaal,1,Sec,Droog,1,En agglomération,binnen bebouwde kom,1,Jour,Dag,2,Route communale,Gemeenteweg,4,Avec blessé(s) leger(s),met lichtgewonden,03,Bicyclette,Fiets,09,Voiture,personenauto,A,Entre 2 conducteurs: Flanc contre flanc,Tussen 2 bestuurders: Flank tegen flank,0,Pas d’obstacle,Geen hindernis,51.344349,3.290526
2024,02,11,31005,Région flamande,Vlaams Gewest,Province de Flandre occidentale,Provincie West-Vlaanderen,Bruges,Brugge, 74299.474834,213626.637914,1,Carrefour,Op Kruispunt,1,Normales,Normaal,1,Sec,Droog,2,Hors agglomération,buiten bebouwde kom,1,Jour,Dag,2,Route communale,Gemeenteweg,4,Avec blessé(s) leger(s),met lichtgewonden,09,Voiture,personenauto,09,Voiture,personenauto,A,Entre 2 conducteurs: Flanc contre flanc,Tussen 2 bestuurders: Flank tegen flank,0,Pas d’obstacle,Geen hindernis,51.227611,3.285041
2024,02,11,31043,Région flamande,Vlaams Gewest,Province de Flandre occidentale,Provincie West-Vlaanderen,Knokke-Heist,Knokke-Heist, 74851.098302,226439.780657,2,Hors carrefour,Buiten Kruispunt,1,Normales,Normaal,1,Sec,Droog,1,En agglomération,binnen bebouwde kom,1,Jour,Dag,2,Route communale,Gemeenteweg,4,Avec blessé(s) leger(s),met lichtgewonden,09,Voiture,personenauto,06,Cyclomoteur,Bromfiets,A,Entre 2 conducteurs: Flanc contre flanc,Tussen 2 bestuurders: Flank tegen flank,0,Pas d’obstacle,Geen hindernis,51.342837,3.290274
2024,02,07,31043,Région flamande,Vlaams Gewest,Province de Flandre occidentale,Provincie West-Vlaanderen,Knokke-Heist,Knokke-Heist, 73151.866771,226376.360287,1,Carrefour,Op Kruispunt,2,Pluie,Regenval,2,Humide, mouillé, flaques,Nat, plassen,1,En agglomération,binnen bebouwde kom,2,Aube, crépuscule,Dageraad - schemering,3,Route régionale,Gewestweg,4,Avec blessé(s) leger(s),met lichtgewonden,99,inconnu,onbekend,99,inconnu,onbekend,9,Autre ou inconnu,51.342043,3.265905
2024,02,15,31043,Région flamande,Vlaams Gewest,Province de Flandre occidentale,Provincie West-Vlaanderen,Knokke-Heist,Knokke-Heist, 75470.117716,227715.030240,2,Hors carrefour,Buiten Kruispunt,1,Normales,Normaal,1,Sec,Droog,1,En agglomération,binnen bebouwde kom,1,Jour,Dag,2,Route communale,Gemeenteweg,3,Avec blessé(s) grave(s),met zwaargewonden,09,Voiture,personenauto,10,usager seul,één bestuurder, geen hindernis,8,Un seul usager, pas d'obstacle (chute incl.),Eén bestuurder, geen hindernis (incl. val),51.354378,3.298893
2024,02,08,31006,Région flamande,Vlaams Gewest,Province de Flandre occidentale,Provincie West-Vlaanderen,Damme,Damme, 76036.753023,210954.675034,2,Hors carrefour,Buiten Kruispunt,2,Pluie,Regenval,2,Humide, mouillé, flaques,Nat, plassen,2,Hors agglomération,buiten bebouwde kom,1,Jour,Dag,3,Route régionale,Gewestweg,4,Avec blessé(s) leger(s),met lichtgewonden,03,Bicyclette,Fiets,09,Voiture,personenauto,2,Entre 2 conducteurs: Collision frontale,Tussen 2 bestuurders: Frontale botsing,51.203822,3.310453
2024,02,13,31006,Région flamande,Vlaams Gewest,Province de Flandre occidentale,Provincie West-Vlaanderen,Damme,Damme, 76467.299823,219572.577965,2,Hors carrefour,Buiten Kruispunt,1,Normales,Normaal,2,Humide, mouillé, flaques,Nat, plassen,1,En agglomération,binnen bebouwde kom,1,Jour,Dag,2,Route communale,Gemeenteweg,4,Avec blessé(s) leger(s),met lichtgewonden,09,Voiture,personenauto,08,Piéton,Voetganger,5,Avec un piéton,Met een voetganger,51.281329,3.314863
2024,02,07,31006,Région flamande,Vlaams Gewest,Province de Flandre occidentale,Provincie West-Vlaanderen,Damme,Damme, 75894.136558,210998.345580,2,Hors carrefour,Buiten Kruispunt,1,Normales,Normaal,2,Humide, mouillé, flaques,Nat, plassen,1,En agglomération,binnen bebouwde kom,2,Aube, crépuscule,Dageraad - schemering,3,Route régionale,Gewestweg,4,Avec blessé(s) leger(s),met lichtgewonden,09,Voiture,personenauto,03,Bicyclette,Fiets,4,Entre 2 conducteurs: Par le côté (avant/derrière-flanc),51.204196,3.308403
2024,02,15,31043,Région flamande,Vlaams Gewest,Province de Flandre occidentale,Provincie West-Vlaanderen,Knokke-Heist,Knokke-Heist, 75388.667772,224953.060868,2,Hors carrefour,Buiten Kruispunt,1,Normales,Normaal,1,Sec,Droog,1,En agglomération,binnen bebouwde kom,1,Jour,Dag,2,Route communale,Gemeenteweg,4,Avec blessé(s) leger(s),met lichtgewonden,09,Voiture,personenauto,09,Voiture,personenauto,2,Entre 2 conducteurs: Collision frontale,Tussen 2 bestuurders: Frontale botsing,0,Pas d’obstacle,Geen hindernis,51.329546,3.298295
2024,02,02,31006,Région flamande,Vlaams Gewest,Province de Flandre occidentale,Provincie West-Vlaanderen,Damme,Damme, 78182.215734,215203.189959,2,Hors carrefour,Buiten Kruispunt,1,Normales,Normaal,2,Humide, mouillé, flaques,Nat, plassen,1,En agglomération,binnen bebouwde kom,4,Nuit, pas d'éclairage public présent,Nacht, geen openbare verlichting aanwezig,2,Route communale,Gemeenteweg,4,Avec blessé(s) leger(s),met lichtgewonden,09,Voiture,personenauto,09,Voiture,personenauto,3,51.242276,3.340306
2024,02,05,31006,Région flamande,Vlaams Gewest,Province de Flandre occidentale,Provincie West-Vlaanderen,Damme,Damme, 75081.985769,217746.849968,2,Hors carrefour,Buiten Kruispunt,1,Normales,Normaal,2,Humide, mouillé, flaques,Nat, plassen,2,Hors agglomération,buiten bebouwde kom,4,Nuit, pas d'éclairage public présent,Nacht, geen openbare verlichting aanwezig,2,Route communale,Gemeenteweg,4,Avec blessé(s) leger(s),met lichtgewonden,09,Voiture,personenauto,11,usager/obstacle,een weggebruiker tegen een hindernis,7,51.264743,3.295389
2024,02,22,31043,Région flamande,Vlaams Gewest,Province de Flandre occidentale,Provincie West-Vlaanderen,Knokke-Heist,Knokke-Heist,,,2,Hors carrefour,Buiten Kruispunt,1,Normales,Normaal,1,Sec,Droog,1,En agglomération,binnen bebouwde kom,3,Nuit, éclairage public présent et allumé,Nacht, openbare verlichting aanwezig en ontstoken,3,Route régionale,Gewestweg,4,Avec blessé(s) leger(s),met lichtgewonden,09,Voiture,personenauto,04,Camion,Vrachtwagen,4,Entre 2 conducteurs: Par le côté (avant/derrière-flanc),Tss. 2 best.: langs opzij (voor-/achterkant-flank),0,,
2024,02,20,31043,Région flamande,Vlaams Gewest,Province de Flandre occidentale,Provincie West-Vlaanderen,Knokke-Heist,Knokke-Heist, 76595.530708,227261.438240,1,Carrefour,Op Kruispunt,1,Normales,Normaal,2,Humide, mouillé, flaques,Nat, plassen,1,En agglomération,binnen bebouwde kom,2,Aube, crépuscule,Dageraad - schemering,2,Route communale,Gemeenteweg,4,Avec blessé(s) leger(s),met lichtgewonden,09,Voiture,personenauto,09,Voiture,personenauto,4,Entre 2 conducteurs: Par le côté (avant/derrière-flanc),51.350446,3.315138
2024,02,11,31040,Région flamande,Vlaams Gewest,Province de Flandre occidentale,Provincie West-Vlaanderen,Zedelgem,Zedelgem, 64130.491985,201064.972480,2,Hors carrefour,Buiten Kruispunt,1,Normales,Normaal,1,Sec,Droog,1,En agglomération,binnen bebouwde kom,1,Jour,Dag,3,Route régionale,Gewestweg,3,Avec blessé(s) grave(s),met zwaargewonden,09,Voiture,personenauto,03,Bicyclette,Fiets,4,Entre 2 conducteurs: Par le côté (avant/derrière-flanc),Tss. 2 best.: langs opzij (voor-/achterkant-flank),0,Pas d’obstacle,Geen hindernis,51.113292,3.142456
2024,02,12,31003,Région flamande,Vlaams Gewest,Province de Flandre occidentale,Provincie West-Vlaanderen,Beernem,Beernem, 78486.550630,206928.128635,2,Hors carrefour,Buiten Kruispunt,1,Normales,Normaal,1,Sec,Droog,1,En agglomération,binnen bebouwde kom,1,Jour,Dag,3,Route régionale,Gewestweg,3,Avec blessé(s) grave(s),met zwaargewonden,06,Cyclomoteur,Bromfiets,11,usager/obstacle,een weggebruiker tegen een hindernis,7,Usager contre obstacle situé hors chaussée,Weggebruiker tegen hindernis buiten rijbaan,67,Autre obstacle,Andere hindernis,51.167941,3.346294
2024,02,12,31003,Région flamande,Vlaams Gewest,Province de Flandre occidentale,Provincie West-Vlaanderen,Beernem,Beernem, 76534.820820,201068.331875,2,Hors carrefour,Buiten Kruispunt,1,Normales,Normaal,1,Sec,Droog,2,Hors agglomération,buiten bebouwde kom,1,Jour,Dag,3,Route régionale,Gewestweg,4,Avec blessé(s) leger(s),met lichtgewonden,09,Voiture,personenauto,11,usager/obstacle,een weggebruiker tegen een hindernis,7,Usager contre obstacle situé hors chaussée,Weggebruiker tegen hindernis buiten rijbaan,56,Hors chaussée: Ilot directionnel, berme centrale,51.11503,3.319576
2024,02,12,31040,Région flamande,Vlaams Gewest,Province de Flandre occidentale,Provincie West-Vlaanderen,Zedelgem,Zedelgem, 64139.235394,203352.395875,2,Hors carrefour,Buiten Kruispunt,1,Normales,Normaal,1,Sec,Droog,2,Hors agglomération,buiten bebouwde kom,1,Jour,Dag,2,Route communale,Gemeenteweg,4,Avec blessé(s) leger(s),met lichtgewonden,99,inconnu,onbekend,99,inconnu,onbekend,9,Autre ou inconnu,Andere of onbekend,-3,Présence d'obstacle non mentionnée,Geen vermelding van de aanwezigheid van een hindernis,51.133852,3.142042
2024,02,16,31022,Région flamande,Vlaams Gewest,Province de Flandre occidentale,Provincie West-Vlaanderen,Oostkamp,Oostkamp, 68044.266195,199234.787103,2,Hors carrefour,Buiten Kruispunt,1,Normales,Normaal,1,Sec,Droog,2,Hors agglomération,buiten bebouwde kom,1,Jour,Dag,3,Route régionale,Gewestweg,4,Avec blessé(s) leger(s),met lichtgewonden,09,Voiture,personenauto,09,Voiture,personenauto,3,Entre 2 conducteurs: Par l'arrière,Tussen 2 bestuurders: Langs achteren,0,Pas d’obstacle,Geen hindernis,51.09741,3.198751