DT_YEAR_COLLISION,DT_MONTH_COLLISION,DT_TIME,CD_NIS,TX_RGN_COLLISION_FR,TX_RGN_COLLISION_NL,TX_PROV_COLLISION_FR,TX_PROV_COLLISION_NL,TX_MUNTY_COLLISION_FR,TX_MUNTY_COLLISION_NL,MS_X_COORD,MS_Y_COORD,CD_CROSSWAY,TX_CROSSWAY_FR,TX_CROSSWAY_NL,CD_WEATHER,TX_WEATHER_FR,TX_WEATHER_NL,CD_ROAD_CONDITION,TX_ROAD_CONDITION_FR,TX_ROAD_CONDITION_NL,CD_BUILD_UP_AREA,TX_BUILD_UP_AREA_FR,TX_BUILD_UP_AREA_NL,CD_LIGHT_CONDITION,TX_LIGHT_CONDITION_FR,TX_LIGHT_CONDITION_NL,CD_ROAD_TYPE,CD_ROAD_TYPE_FR,CD_ROAD_TYPE_NL,CD_CLASS_ACCIDENTS,TX_CLASS_ACCIDENTS_FR,TX_CLASS_ACCIDENTS_NL,CD_ROAD_USR_TYPE1,TX_ROAD_USR_TYPE1_FR,TX_ROAD_USR_TYPE1_NL,CD_ROAD_USR_TYPE2,TX_ROAD_USR_TYPE2_FR,TX_ROAD_USR_TYPE2_NL,CD_COLLISION_TYPE,TX_COLLISON_TYPE_FR,TX_COLLISION_TYPE_NL,CD_OBSTACLES,TX_OBSTACLES_FR,TX_OBSTACLES_NL,LAT,LON
2024,03,06,44040,Région flamande,Vlaams Gewest,Province de Flandre orientale,Provincie Oost-Vlaanderen,Melle,Melle,111164.961864,186062.203144,2,Hors carrefour,Buiten Kruispunt,1,Normales,Normaal,2,Humide, mouillé, flaques,Nat, plassen,2,Hors agglomération,buiten bebouwde kom,4,Nuit, pas d'éclairage public présent,Nacht, geen openbare verlichting aanwezig,1,Autoroute,Autosnelweg,3,Avec blessé(s) grave(s),met zwaargewonden,09,Voiture,personenauto,04,Camion,Vrachtwagen,1,50.983503,3.815708
2024,03,07,45068,Région flamande,Vlaams Gewest,Province de Flandre orientale,Provincie Oost-Vlaanderen,Kruisem,Kruisem, 91805.096080,181745.570618,2,Hors carrefour,Buiten Kruispunt,1,Normales,Normaal,1,Sec,Droog,2,Hors agglomération,buiten bebouwde kom,1,Jour,Dag,1,Autoroute,Autosnelweg,4,Avec blessé(s) leger(s),met lichtgewonden,09,Voiture,personenauto,04,Camion,Vrachtwagen,4,Entre 2 conducteurs: Par le côté (avant/derrière-flanc),Tss. 2 best.: langs opzij (voor-/achterkant-flank),0,Pas d’obstacle,Geen hindernis,50.943085,3.54071
2024,03,08,45068,Région flamande,Vlaams Gewest,Province de Flandre orientale,Provincie Oost-Vlaanderen,Kruisem,Kruisem, 91640.626411,181631.485996,2,Hors carrefour,Buiten Kruispunt,1,Normales,Normaal,1,Sec,Droog,2,Hors agglomération,buiten bebouwde kom,1,Jour,Dag,1,Autoroute,Autosnelweg,4,Avec blessé(s) leger(s),met lichtgewonden,09,Voiture,personenauto,09,Voiture,personenauto,3,Entre 2 conducteurs: Par l'arrière,Tussen 2 bestuurders: Langs achteren,0,Pas d’obstacle,Geen hindernis,50.942043,3.538388
2024,03,10,45068,Région flamande,Vlaams Gewest,Province de Flandre orientale,Provincie Oost-Vlaanderen,Kruisem,Kruisem, 90484.235499,180674.599844,2,Hors carrefour,Buiten Kruispunt,1,Normales,Normaal,1,Sec,Droog,2,Hors agglomération,buiten bebouwde kom,1,Jour,Dag,1,Autoroute,Autosnelweg,4,Avec blessé(s) leger(s),met lichtgewonden,09,Voiture,personenauto,04,Camion,Vrachtwagen,A,Entre 2 conducteurs: Flanc contre flanc,Tussen 2 bestuurders: Flank tegen flank,0,Pas d’obstacle,Geen hindernis,50.933324,3.522091
2024,03,07,45068,Région flamande,Vlaams Gewest,Province de Flandre orientale,Provincie Oost-Vlaanderen,Kruisem,Kruisem, 91805.096080,181745.570618,2,Hors carrefour,Buiten Kruispunt,1,Normales,Normaal,1,Sec,Droog,2,Hors agglomération,buiten bebouwde kom,1,Jour,Dag,1,Autoroute,Autosnelweg,4,Avec blessé(s) leger(s),met lichtgewonden,05,Camionnette,Lichte vrachtauto,09,Voiture,personenauto,3,Entre 2 conducteurs: Par l'arrière,Tussen 2 bestuurders: Langs achteren,0,Pas d’obstacle,Geen hindernis,50.943085,3.54071
2024,03,00,41063,Région flamande,Vlaams Gewest,Province de Flandre orientale,Provincie Oost-Vlaanderen,Sint-Lievens-Houtem,Sint-Lievens-Houtem,116967.014245,181985.237863,2,Hors carrefour,Buiten Kruispunt,1,Normales,Normaal,1,Sec,Droog,2,Hors agglomération,buiten bebouwde kom,3,Nuit, éclairage public présent et allumé,Nacht, openbare verlichting aanwezig en ontstoken,1,Autoroute,Autosnelweg,4,Avec blessé(s) leger(s),met lichtgewonden,09,Voiture,personenauto,09,Voiture,personenauto,1,Collision en chaîne (3 conducteurs ou plus),Kettingbotsing (3 bestuurders of meer),0,50.947214,3.898699
2024,03,00,41063,Région flamande,Vlaams Gewest,Province de Flandre orientale,Provincie Oost-Vlaanderen,Sint-Lievens-Houtem,Sint-Lievens-Houtem,117293.593899,181753.522510,2,Hors carrefour,Buiten Kruispunt,1,Normales,Normaal,1,Sec,Droog,2,Hors agglomération,buiten bebouwde kom,3,Nuit, éclairage public présent et allumé,Nacht, openbare verlichting aanwezig en ontstoken,1,Autoroute,Autosnelweg,4,Avec blessé(s) leger(s),met lichtgewonden,09,Voiture,personenauto,09,Voiture,personenauto,3,Entre 2 conducteurs: Par l'arrière,Tussen 2 bestuurders: Langs achteren,0,50.94515,3.903367
2024,03,18,34040,Région flamande,Vlaams Gewest,Province de Flandre occidentale,Provincie West-Vlaanderen,Waregem,Waregem, 83098.654175,172924.220077,2,Hors carrefour,Buiten Kruispunt,1,Normales,Normaal,1,Sec,Droog,2,Hors agglomération,buiten bebouwde kom,1,Jour,Dag,1,Autoroute,Autosnelweg,4,Avec blessé(s) leger(s),met lichtgewonden,09,Voiture,personenauto,11,usager/obstacle,een weggebruiker tegen een hindernis,7,Usager contre obstacle situé hors chaussée,Weggebruiker tegen hindernis buiten rijbaan,66,Hors chaussée: Fossé,Buiten de rijbaan: Gracht,50.862856,3.418445
2024,03,01,34040,Région flamande,Vlaams Gewest,Province de Flandre occidentale,Provincie West-Vlaanderen,Waregem,Waregem, 83995.974783,173368.019138,2,Hors carrefour,Buiten Kruispunt,1,Normales,Normaal,1,Sec,Droog,2,Hors agglomération,buiten bebouwde kom,5,Nuit, éclairage public présent, mais pas allumé,Nacht, openb. verlicht. aanw., maar niet ontstoken,1,Autoroute,Autosnelweg,4,Avec blessé(s) leger(s),met lichtgewonden,09,Voiture,personenauto,11,usager/obstacle,een weggebruiker tegen een hindernis,7,Usager contre obstacle situé hors chaussée,50.866947,3.431111
2024,03,15,33037,Région flamande,Vlaams Gewest,Province de Flandre occidentale,Provincie West-Vlaanderen,Zonnebeke,Zonnebeke, 54462.757770,170473.114040,2,Hors carrefour,Buiten Kruispunt,1,Normales,Normaal,1,Sec,Droog,2,Hors agglomération,buiten bebouwde kom,1,Jour,Dag,1,Autoroute,Autosnelweg,4,Avec blessé(s) leger(s),met lichtgewonden,09,Voiture,personenauto,05,Camionnette,Lichte vrachtauto,3,Entre 2 conducteurs: Par l'arrière,Tussen 2 bestuurders: Langs achteren,0,Pas d’obstacle,Geen hindernis,50.836828,3.012396
2024,03,15,36011,Région flamande,Vlaams Gewest,Province de Flandre occidentale,Provincie West-Vlaanderen,Lichtervelde,Lichtervelde, 65876.221000,189552.209000,2,Hors carrefour,Buiten Kruispunt,1,Normales,Normaal,1,Sec,Droog,2,Hors agglomération,buiten bebouwde kom,1,Jour,Dag,1,Autoroute,Autosnelweg,4,Avec blessé(s) leger(s),met lichtgewonden,09,Voiture,personenauto,09,Voiture,personenauto,3,Entre 2 conducteurs: Par l'arrière,Tussen 2 bestuurders: Langs achteren,0,Pas d’obstacle,Geen hindernis,51.010075,3.170035
2024,03,21,36011,Région flamande,Vlaams Gewest,Province de Flandre occidentale,Provincie West-Vlaanderen,Lichtervelde,Lichtervelde, 65257.903826,194408.567035,2,Hors carrefour,Buiten Kruispunt,2,Pluie,Regenval,2,Humide, mouillé, flaques,Nat, plassen,2,Hors agglomération,buiten bebouwde kom,4,Nuit, pas d'éclairage public présent,Nacht, geen openbare verlichting aanwezig,1,Autoroute,Autosnelweg,4,Avec blessé(s) leger(s),met lichtgewonden,09,Voiture,personenauto,09,Voiture,personenauto,3,51.053633,3.1601
2024,03,20,36008,Région flamande,Vlaams Gewest,Province de Flandre occidentale,Provincie West-Vlaanderen,Izegem,Izegem, 66011.284862,182007.678059,2,Hors carrefour,Buiten Kruispunt,1,Normales,Normaal,1,Sec,Droog,2,Hors agglomération,buiten bebouwde kom,3,Nuit, éclairage public présent et allumé,Nacht, openbare verlichting aanwezig en ontstoken,1,Autoroute,Autosnelweg,4,Avec blessé(s) leger(s),met lichtgewonden,09,Voiture,personenauto,09,Voiture,personenauto,3,Entre 2 conducteurs: Par l'arrière,Tussen 2 bestuurders: Langs achteren,0,50.942284,3.173688
2024,03,23,35013,Région flamande,Vlaams Gewest,Province de Flandre occidentale,Provincie West-Vlaanderen,Ostende,Oostende, 50292.861139,212016.492801,2,Hors carrefour,Buiten Kruispunt,1,Normales,Normaal,2,Humide, mouillé, flaques,Nat, plassen,2,Hors agglomération,buiten bebouwde kom,3,Nuit, éclairage public présent et allumé,Nacht, openbare verlichting aanwezig en ontstoken,1,Autoroute,Autosnelweg,4,Avec blessé(s) leger(s),met lichtgewonden,05,Camionnette,Lichte vrachtauto,11,usager/obstacle,een weggebruiker tegen een hindernis,7,51.209494,2.941883
2024,03,08,31022,Région flamande,Vlaams Gewest,Province de Flandre occidentale,Provincie West-Vlaanderen,Oostkamp,Oostkamp, 71310.417197,204297.030967,2,Hors carrefour,Buiten Kruispunt,1,Normales,Normaal,2,Humide, mouillé, flaques,Nat, plassen,2,Hors agglomération,buiten bebouwde kom,1,Jour,Dag,1,Autoroute,Autosnelweg,4,Avec blessé(s) leger(s),met lichtgewonden,07,Motocyclette,Motorfiets,09,Voiture,personenauto,3,Entre 2 conducteurs: Par l'arrière,Tussen 2 bestuurders: Langs achteren,51.143362,3.244277
2024,03,10,31003,Région flamande,Vlaams Gewest,Province de Flandre occidentale,Provincie West-Vlaanderen,Beernem,Beernem, 76131.110985,202088.090266,2,Hors carrefour,Buiten Kruispunt,1,Normales,Normaal,1,Sec,Droog,2,Hors agglomération,buiten bebouwde kom,1,Jour,Dag,1,Autoroute,Autosnelweg,4,Avec blessé(s) leger(s),met lichtgewonden,09,Voiture,personenauto,05,Camionnette,Lichte vrachtauto,4,Entre 2 conducteurs: Par le côté (avant/derrière-flanc),Tss. 2 best.: langs opzij (voor-/achterkant-flank),0,Pas d’obstacle,Geen hindernis,51.124144,3.313604
2024,03,06,31040,Région flamande,Vlaams Gewest,Province de Flandre occidentale,Provincie West-Vlaanderen,Zedelgem,Zedelgem, 68657.958688,206041.269942,2,Hors carrefour,Buiten Kruispunt,1,Normales,Normaal,1,Sec,Droog,2,Hors agglomération,buiten bebouwde kom,1,Jour,Dag,1,Autoroute,Autosnelweg,4,Avec blessé(s) leger(s),met lichtgewonden,05,Camionnette,Lichte vrachtauto,05,Camionnette,Lichte vrachtauto,4,Entre 2 conducteurs: Par le côté (avant/derrière-flanc),Tss. 2 best.: langs opzij (voor-/achterkant-flank),0,Pas d’obstacle,Geen hindernis,51.158671,3.20599
2024,03,08,31022,Région flamande,Vlaams Gewest,Province de Flandre occidentale,Provincie West-Vlaanderen,Oostkamp,Oostkamp, 69960.152470,204965.147141,2,Hors carrefour,Buiten Kruispunt,1,Normales,Normaal,2,Humide, mouillé, flaques,Nat, plassen,2,Hors agglomération,buiten bebouwde kom,1,Jour,Dag,1,Autoroute,Autosnelweg,4,Avec blessé(s) leger(s),met lichtgewonden,09,Voiture,personenauto,09,Voiture,personenauto,3,Entre 2 conducteurs: Par l'arrière,Tussen 2 bestuurders: Langs achteren,51.149181,3.224838
2024,03,10,31022,Région flamande,Vlaams Gewest,Province de Flandre occidentale,Provincie West-Vlaanderen,Oostkamp,Oostkamp, 69303.402621,205406.388246,2,Hors carrefour,Buiten Kruispunt,2,Pluie,Regenval,2,Humide, mouillé, flaques,Nat, plassen,2,Hors agglomération,buiten bebouwde kom,1,Jour,Dag,1,Autoroute,Autosnelweg,4,Avec blessé(s) leger(s),met lichtgewonden,09,Voiture,personenauto,11,usager/obstacle,een weggebruiker tegen een hindernis,7,Usager contre obstacle situé hors chaussée,Weggebruiker tegen hindernis buiten rijbaan,51.153055,3.215356
2024,03,07,35005,Région flamande,Vlaams Gewest,Province de Flandre occidentale,Provincie West-Vlaanderen,Gistel,Gistel, 47733.479139,205327.151154,2,Hors carrefour,Buiten Kruispunt,1,Normales,Normaal,2,Humide, mouillé, flaques,Nat, plassen,2,Hors agglomération,buiten bebouwde kom,1,Jour,Dag,1,Autoroute,Autosnelweg,4,Avec blessé(s) leger(s),met lichtgewonden,05,Camionnette,Lichte vrachtauto,05,Camionnette,Lichte vrachtauto,3,Entre 2 conducteurs: Par l'arrière,Tussen 2 bestuurders: Langs achteren,51.148931,2.907149
2024,03,12,31005,Région flamande,Vlaams Gewest,Province de Flandre occidentale,Provincie West-Vlaanderen,Bruges,Brugge, 69123.050000,211838.146000,2,Hors carrefour,Buiten Kruispunt,1,Normales,Normaal,1,Sec,Droog,2,Hors agglomération,buiten bebouwde kom,1,Jour,Dag,3,Route régionale,Gewestweg,4,Avec blessé(s) leger(s),met lichtgewonden,09,Voiture,personenauto,11,usager/obstacle,een weggebruiker tegen een hindernis,7,Usager contre obstacle situé hors chaussée,Weggebruiker tegen hindernis buiten rijbaan,63,Hors chaussée: Barrière sécurité non franchie,Buiten de rijbaan: Vangrails niet overgestoken,51.210835,3.211346
2024,03,23,34022,Région flamande,Vlaams Gewest,Province de Flandre occidentale,Provincie West-Vlaanderen,Courtrai,Kortrijk, 74716.571000,168160.688000,2,Hors carrefour,Buiten Kruispunt,1,Normales,Normaal,2,Humide, mouillé, flaques,Nat, plassen,2,Hors agglomération,buiten bebouwde kom,5,Nuit, éclairage public présent, mais pas allumé,Nacht, openb. verlicht. aanw., maar niet ontstoken,1,Autoroute,Autosnelweg,4,Avec blessé(s) leger(s),met lichtgewonden,09,Voiture,personenauto,11,usager/obstacle,50.819014,3.30037
2024,03,14,23077,Région flamande,Vlaams Gewest,Province du Brabant flamand,Provincie Vlaams-Brabant,Sint-Pieters-Leeuw,Sint-Pieters-Leeuw,,,2,Hors carrefour,Buiten Kruispunt,1,Normales,Normaal,1,Sec,Droog,2,Hors agglomération,buiten bebouwde kom,1,Jour,Dag,1,Autoroute,Autosnelweg,3,Avec blessé(s) grave(s),met zwaargewonden,09,Voiture,personenauto,08,Piéton,Voetganger,5,Avec un piéton,Met een voetganger,0,Pas d’obstacle,Geen hindernis,,
2024,03,05,23027,Région flamande,Vlaams Gewest,Province du Brabant flamand,Provincie Vlaams-Brabant,Hal,Halle,143249.606452,158813.504763,2,Hors carrefour,Buiten Kruispunt,1,Normales,Normaal,2,Humide, mouillé, flaques,Nat, plassen,2,Hors agglomération,buiten bebouwde kom,3,Nuit, éclairage public présent et allumé,Nacht, openbare verlichting aanwezig en ontstoken,1,Autoroute,Autosnelweg,4,Avec blessé(s) leger(s),met lichtgewonden,09,Voiture,personenauto,09,Voiture,personenauto,3,50.73981,4.273117
2024,03,01,23027,Région flamande,Vlaams Gewest,Province du Brabant flamand,Provincie Vlaams-Brabant,Hal,Halle,142938.408222,156988.294791,2,Hors carrefour,Buiten Kruispunt,1,Normales,Normaal,1,Sec,Droog,2,Hors agglomération,buiten bebouwde kom,3,Nuit, éclairage public présent et allumé,Nacht, openbare verlichting aanwezig en ontstoken,1,Autoroute,Autosnelweg,4,Avec blessé(s) leger(s),met lichtgewonden,09,Voiture,personenauto,11,usager/obstacle,een weggebruiker tegen een hindernis,7,Usager contre obstacle situé hors chaussée,Weggebruiker tegen hindernis buiten rijbaan,63,50.723398,4.268743
2024,03,23,23045,Région flamande,Vlaams Gewest,Province du Brabant flamand,Provincie Vlaams-Brabant,Londerzeel,Londerzeel,146337.834322,189143.495625,2,Hors carrefour,Buiten Kruispunt,1,Normales,Normaal,1,Sec,Droog,2,Hors agglomération,buiten bebouwde kom,4,Nuit, pas d'éclairage public présent,Nacht, geen openbare verlichting aanwezig,1,Autoroute,Autosnelweg,4,Avec blessé(s) leger(s),met lichtgewonden,09,Voiture,personenauto,11,usager/obstacle,een weggebruiker tegen een hindernis,7,Usager contre obstacle situé hors chaussée,Weggebruiker tegen hindernis buiten rijbaan,63,51.012487,4.31657
2024,03,14,23016,Région flamande,Vlaams Gewest,Province du Brabant flamand,Provincie Vlaams-Brabant,Dilbeek,Dilbeek,,,2,Hors carrefour,Buiten Kruispunt,2,Pluie,Regenval,2,Humide, mouillé, flaques,Nat, plassen,2,Hors agglomération,buiten bebouwde kom,1,Jour,Dag,1,Autoroute,Autosnelweg,4,Avec blessé(s) leger(s),met lichtgewonden,09,Voiture,personenauto,09,Voiture,personenauto,4,Entre 2 conducteurs: Par le côté (avant/derrière-flanc),Tss. 2 best.: langs opzij (voor-/achterkant-flank),,
2024,03,08,23102,Région flamande,Vlaams Gewest,Province du Brabant flamand,Provincie Vlaams-Brabant,Wemmel,Wemmel,145917.249704,175880.749039,2,Hors carrefour,Buiten Kruispunt,2,Pluie,Regenval,2,Humide, mouillé, flaques,Nat, plassen,2,Hors agglomération,buiten bebouwde kom,1,Jour,Dag,1,Autoroute,Autosnelweg,4,Avec blessé(s) leger(s),met lichtgewonden,09,Voiture,personenauto,09,Voiture,personenauto,2,Entre 2 conducteurs: Collision frontale,Tussen 2 bestuurders: Frontale botsing,50.893262,4.310723
2024,03,05,23047,Région flamande,Vlaams Gewest,Province du Brabant flamand,Provincie Vlaams-Brabant,Machelen,Machelen,156161.747135,175764.136830,2,Hors carrefour,Buiten Kruispunt,2,Pluie,Regenval,2,Humide, mouillé, flaques,Nat, plassen,2,Hors agglomération,buiten bebouwde kom,3,Nuit, éclairage public présent et allumé,Nacht, openbare verlichting aanwezig en ontstoken,1,Autoroute,Autosnelweg,4,Avec blessé(s) leger(s),met lichtgewonden,09,Voiture,personenauto,11,usager/obstacle,een weggebruiker tegen een hindernis,7,50.892195,4.45633
2024,03,16,23094,Région flamande,Vlaams Gewest,Province du Brabant flamand,Provincie Vlaams-Brabant,Zaventem,Zaventem,158618.920670,173220.940641,2,Hors carrefour,Buiten Kruispunt,1,Normales,Normaal,1/4,Sec+Propre,Droog+Proper,2,Hors agglomération,buiten bebouwde kom,1,Jour,Dag,1,Autoroute,Autosnelweg,4,Avec blessé(s) leger(s),met lichtgewonden,05,Camionnette,Lichte vrachtauto,09,Voiture,personenauto,1,Collision en chaîne (3 conducteurs ou plus),Kettingbotsing (3 bestuurders of meer),0,Pas d’obstacle,Geen hindernis,50.869301,4.491194
2024,03,19,23025,Région flamande,Vlaams Gewest,Province du Brabant flamand,Provincie Vlaams-Brabant,Grimbergen,Grimbergen,148184.831068,178056.541901,2,Hors carrefour,Buiten Kruispunt,1,Normales,Normaal,1,Sec,Droog,2,Hors agglomération,buiten bebouwde kom,3,Nuit, éclairage public présent et allumé,Nacht, openbare verlichting aanwezig en ontstoken,1,Autoroute,Autosnelweg,3,Avec blessé(s) grave(s),met zwaargewonden,09,Voiture,personenauto,11,usager/obstacle,een weggebruiker tegen een hindernis,7,Usager contre obstacle situé hors chaussée,Weggebruiker tegen hindernis buiten rijbaan,63,50.912832,4.342943
2024,03,14,23094,Région flamande,Vlaams Gewest,Province du Brabant flamand,Provincie Vlaams-Brabant,Zaventem,Zaventem,159652.344000,173242.541000,2,Hors carrefour,Buiten Kruispunt,1,Normales,Normaal,1,Sec,Droog,2,Hors agglomération,buiten bebouwde kom,1,Jour,Dag,1,Autoroute,Autosnelweg,4,Avec blessé(s) leger(s),met lichtgewonden,04,Camion,Vrachtwagen,09,Voiture,personenauto,3,Entre 2 conducteurs: Par l'arrière,Tussen 2 bestuurders: Langs achteren,0,Pas d’obstacle,Geen hindernis,50.869479,4.505876
2024,03,10,23102,Région flamande,Vlaams Gewest,Province du Brabant flamand,Provincie Vlaams-Brabant,Wemmel,Wemmel,145872.847902,175968.054366,2,Hors carrefour,Buiten Kruispunt,1,Normales,Normaal,1,Sec,Droog,2,Hors agglomération,buiten bebouwde kom,1,Jour,Dag,1,Autoroute,Autosnelweg,4,Avec blessé(s) leger(s),met lichtgewonden,05,Camionnette,Lichte vrachtauto,09,Voiture,personenauto,3,Entre 2 conducteurs: Par l'arrière,Tussen 2 bestuurders: Langs achteren,0,Pas d’obstacle,Geen hindernis,50.894047,4.310091
2024,03,11,23094,Région flamande,Vlaams Gewest,Province du Brabant flamand,Provincie Vlaams-Brabant,Zaventem,Zaventem,158618.920670,173220.940641,2,Hors carrefour,Buiten Kruispunt,1,Normales,Normaal,2,Humide, mouillé, flaques,Nat, plassen,2,Hors agglomération,buiten bebouwde kom,1,Jour,Dag,1,Autoroute,Autosnelweg,4,Avec blessé(s) leger(s),met lichtgewonden,09,Voiture,personenauto,09,Voiture,personenauto,1,Collision en chaîne (3 conducteurs ou plus),Kettingbotsing (3 bestuurders of meer),50.869301,4.491194
2024,03,05,23077,Région flamande,Vlaams Gewest,Province du Brabant flamand,Provincie Vlaams-Brabant,Sint-Pieters-Leeuw,Sint-Pieters-Leeuw,145062.724449,162780.750170,2,Hors carrefour,Buiten Kruispunt,1,Normales,Normaal,2,Humide, mouillé, flaques,Nat, plassen,2,Hors agglomération,buiten bebouwde kom,3,Nuit, éclairage public présent et allumé,Nacht, openbare verlichting aanwezig en ontstoken,1,Autoroute,Autosnelweg,4,Avec blessé(s) leger(s),met lichtgewonden,09,Voiture,personenauto,11,usager/obstacle,een weggebruiker tegen een hindernis,7,50.775493,4.298751
2024,03,18,23016,Région flamande,Vlaams Gewest,Province du Brabant flamand,Provincie Vlaams-Brabant,Dilbeek,Dilbeek,141565.175273,174528.396496,2,Hors carrefour,Buiten Kruispunt,1,Normales,Normaal,1,Sec,Droog,2,Hors agglomération,buiten bebouwde kom,2,Aube, crépuscule,Dageraad - schemering,1,Autoroute,Autosnelweg,4,Avec blessé(s) leger(s),met lichtgewonden,09,Voiture,personenauto,09,Voiture,personenauto,3,Entre 2 conducteurs: Par l'arrière,Tussen 2 bestuurders: Langs achteren,0,Pas d’obstacle,50.881059,4.248896
2024,03,16,23050,Région flamande,Vlaams Gewest,Province du Brabant flamand,Provincie Vlaams-Brabant,Meise,Meise,146270.282011,184534.729184,2,Hors carrefour,Buiten Kruispunt,1,Normales,Normaal,1,Sec,Droog,2,Hors agglomération,buiten bebouwde kom,1,Jour,Dag,1,Autoroute,Autosnelweg,4,Avec blessé(s) leger(s),met lichtgewonden,09,Voiture,personenauto,09,Voiture,personenauto,4,Entre 2 conducteurs: Par le côté (avant/derrière-flanc),Tss. 2 best.: langs opzij (voor-/achterkant-flank),0,Pas d’obstacle,Geen hindernis,50.971057,4.315654
2024,03,17,23025,Région flamande,Vlaams Gewest,Province du Brabant flamand,Provincie Vlaams-Brabant,Grimbergen,Grimbergen,147809.768362,177938.517615,2,Hors carrefour,Buiten Kruispunt,1,Normales,Normaal,1/4,Sec+Propre,Droog+Proper,2,Hors agglomération,buiten bebouwde kom,1,Jour,Dag,1,Autoroute,Autosnelweg,4,Avec blessé(s) leger(s),met lichtgewonden,04,Camion,Vrachtwagen,09,Voiture,personenauto,A,Entre 2 conducteurs: Flanc contre flanc,Tussen 2 bestuurders: Flank tegen flank,0,Pas d’obstacle,Geen hindernis,50.91177,4.33761
2024,03,06,23033,Région flamande,Vlaams Gewest,Province du Brabant flamand,Provincie Vlaams-Brabant,Hoeilaart,Hoeilaart,153870.916886,158465.611287,2,Hors carrefour,Buiten Kruispunt,1,Normales,Normaal,2/4,Humide, mouillé, flaques+Propre,Nat, plassen+Proper,2,Hors agglomération,buiten bebouwde kom,2,Aube, crépuscule,Dageraad - schemering,1,Autoroute,Autosnelweg,4,Avec blessé(s) leger(s),met lichtgewonden,09,Voiture,personenauto,09,Voiture,personenauto,3,Entre 2 conducteurs: Par l'arrière,50.736708,4.423587
2024,03,17,23102,Région flamande,Vlaams Gewest,Province du Brabant flamand,Provincie Vlaams-Brabant,Wemmel,Wemmel,,,2,Hors carrefour,Buiten Kruispunt,1,Normales,Normaal,4,Propre,Proper,2,Hors agglomération,buiten bebouwde kom,1,Jour,Dag,1,Autoroute,Autosnelweg,4,Avec blessé(s) leger(s),met lichtgewonden,09,Voiture,personenauto,09,Voiture,personenauto,4,Entre 2 conducteurs: Par le côté (avant/derrière-flanc),Tss. 2 best.: langs opzij (voor-/achterkant-flank),0,Pas d’obstacle,Geen hindernis,,
2024,03,13,23099,Région flamande,Vlaams Gewest,Province du Brabant flamand,Provincie Vlaams-Brabant,Kraainem,Kraainem,158064.055537,169186.555871,2,Hors carrefour,Buiten Kruispunt,1,Normales,Normaal,4,Propre,Proper,2,Hors agglomération,buiten bebouwde kom,1,Jour,Dag,1,Autoroute,Autosnelweg,4,Avec blessé(s) leger(s),met lichtgewonden,09,Voiture,personenauto,11,usager/obstacle,een weggebruiker tegen een hindernis,7,Usager contre obstacle situé hors chaussée,Weggebruiker tegen hindernis buiten rijbaan,61,Hors chaussée: Autre poteau,Buiten de rijbaan: Andere paal,50.833042,4.483223
2024,03,07,23016,Région flamande,Vlaams Gewest,Province du Brabant flamand,Provincie Vlaams-Brabant,Dilbeek,Dilbeek,143123.271488,172216.755721,2,Hors carrefour,Buiten Kruispunt,1,Normales,Normaal,1,Sec,Droog,2,Hors agglomération,buiten bebouwde kom,1,Jour,Dag,1,Autoroute,Autosnelweg,4,Avec blessé(s) leger(s),met lichtgewonden,09,Voiture,personenauto,09,Voiture,personenauto,1,Collision en chaîne (3 conducteurs ou plus),Kettingbotsing (3 bestuurders of meer),0,Pas d’obstacle,Geen hindernis,50.860299,4.271079
2024,03,06,23086,Région flamande,Vlaams Gewest,Province du Brabant flamand,Provincie Vlaams-Brabant,Ternat,Ternat,134769.910055,174925.925780,2,Hors carrefour,Buiten Kruispunt,1,Normales,Normaal,1,Sec,Droog,2,Hors agglomération,buiten bebouwde kom,2,Aube, crépuscule,Dageraad - schemering,1,Autoroute,Autosnelweg,4,Avec blessé(s) leger(s),met lichtgewonden,05,Camionnette,Lichte vrachtauto,05,Camionnette,Lichte vrachtauto,1,Collision en chaîne (3 conducteurs ou plus),Kettingbotsing (3 bestuurders of meer),0,Pas d’obstacle,50.884494,4.152321
2024,03,06,23086,Région flamande,Vlaams Gewest,Province du Brabant flamand,Provincie Vlaams-Brabant,Ternat,Ternat,135062.085728,174863.140181,2,Hors carrefour,Buiten Kruispunt,1,Normales,Normaal,1,Sec,Droog,2,Hors agglomération,buiten bebouwde kom,2,Aube, crépuscule,Dageraad - schemering,1,Autoroute,Autosnelweg,4,Avec blessé(s) leger(s),met lichtgewonden,07,Motocyclette,Motorfiets,05,Camionnette,Lichte vrachtauto,1,Collision en chaîne (3 conducteurs ou plus),Kettingbotsing (3 bestuurders of meer),0,Pas d’obstacle,50.883938,4.156476
2024,03,07,23025,Région flamande,Vlaams Gewest,Province du Brabant flamand,Provincie Vlaams-Brabant,Grimbergen,Grimbergen,149214.384354,178582.653051,2,Hors carrefour,Buiten Kruispunt,1,Normales,Normaal,1/4,Sec+Propre,Droog+Proper,2,Hors agglomération,buiten bebouwde kom,2,Aube, crépuscule,Dageraad - schemering,1,Autoroute,Autosnelweg,4,Avec blessé(s) leger(s),met lichtgewonden,09,Voiture,personenauto,07,Motocyclette,Motorfiets,4,Entre 2 conducteurs: Par le côté (avant/derrière-flanc),Tss. 2 best.: langs opzij (voor-/achterkant-flank),0,Pas d’obstacle,50.917564,4.357581