DT_YEAR_COLLISION,DT_MONTH_COLLISION,DT_TIME,CD_NIS,TX_RGN_COLLISION_FR,TX_RGN_COLLISION_NL,TX_PROV_COLLISION_FR,TX_PROV_COLLISION_NL,TX_MUNTY_COLLISION_FR,TX_MUNTY_COLLISION_NL,MS_X_COORD,MS_Y_COORD,CD_CROSSWAY,TX_CROSSWAY_FR,TX_CROSSWAY_NL,CD_WEATHER,TX_WEATHER_FR,TX_WEATHER_NL,CD_ROAD_CONDITION,TX_ROAD_CONDITION_FR,TX_ROAD_CONDITION_NL,CD_BUILD_UP_AREA,TX_BUILD_UP_AREA_FR,TX_BUILD_UP_AREA_NL,CD_LIGHT_CONDITION,TX_LIGHT_CONDITION_FR,TX_LIGHT_CONDITION_NL,CD_ROAD_TYPE,CD_ROAD_TYPE_FR,CD_ROAD_TYPE_NL,CD_CLASS_ACCIDENTS,TX_CLASS_ACCIDENTS_FR,TX_CLASS_ACCIDENTS_NL,CD_ROAD_USR_TYPE1,TX_ROAD_USR_TYPE1_FR,TX_ROAD_USR_TYPE1_NL,CD_ROAD_USR_TYPE2,TX_ROAD_USR_TYPE2_FR,TX_ROAD_USR_TYPE2_NL,CD_COLLISION_TYPE,TX_COLLISON_TYPE_FR,TX_COLLISION_TYPE_NL,CD_OBSTACLES,TX_OBSTACLES_FR,TX_OBSTACLES_NL,LAT,LON
2024,06,17,11024,Région flamande,Vlaams Gewest,Province d’Anvers,Provincie Antwerpen,Kontich,Kontich,155199.687729,202876.688287,1,Carrefour,Op Kruispunt,9,Inconnues, indéterminées,Onbekend,9,Inconnu, indéterminé,Onbekend,9,inconnu,onbekend,9,Inconnu, indéterminé,Onbekend,2,Route communale,Gemeenteweg,4,Avec blessé(s) leger(s),met lichtgewonden,03,Bicyclette,Fiets,09,Voiture,personenauto,4,Entre 2 conducteurs: Par le côté (avant/derrière-flanc),Tss. 2 best.: langs opzij (voor-/achterkant-flank),51.13592,4.443046
2024,06,09,11013,Région flamande,Vlaams Gewest,Province d’Anvers,Provincie Antwerpen,Edegem,Edegem,156580.014626,204719.979959,2,Hors carrefour,Buiten Kruispunt,1,Normales,Normaal,1,Sec,Droog,1,En agglomération,binnen bebouwde kom,1,Jour,Dag,3,Route régionale,Gewestweg,3,Avec blessé(s) grave(s),met zwaargewonden,03,Bicyclette,Fiets,11,usager/obstacle,een weggebruiker tegen een hindernis,6,Usager contre obstacle situé sur la chaussée,Weggebruiker tegen hindernis op de rijbaan,70,Sur la chaussée: Ralentisseur de trafic, dos d'âne,51.152475,4.4628
2024,06,18,11001,Région flamande,Vlaams Gewest,Province d’Anvers,Provincie Antwerpen,Aartselaar,Aartselaar,152119.744274,201469.898965,1,Carrefour,Op Kruispunt,1,Normales,Normaal,1,Sec,Droog,1,En agglomération,binnen bebouwde kom,1,Jour,Dag,2,Route communale,Gemeenteweg,4,Avec blessé(s) leger(s),met lichtgewonden,03,Bicyclette,Fiets,09,Voiture,personenauto,A,Entre 2 conducteurs: Flanc contre flanc,Tussen 2 bestuurders: Flank tegen flank,0,Pas d’obstacle,Geen hindernis,51.123295,4.399033
2024,06,18,11024,Région flamande,Vlaams Gewest,Province d’Anvers,Provincie Antwerpen,Kontich,Kontich,153890.305777,203355.778538,2,Hors carrefour,Buiten Kruispunt,1,Normales,Normaal,1,Sec,Droog,1,En agglomération,binnen bebouwde kom,1,Jour,Dag,2,Route communale,Gemeenteweg,4,Avec blessé(s) leger(s),met lichtgewonden,03,Bicyclette,Fiets,09,Voiture,personenauto,4,Entre 2 conducteurs: Par le côté (avant/derrière-flanc),Tss. 2 best.: langs opzij (voor-/achterkant-flank),0,Pas d’obstacle,Geen hindernis,51.140237,4.424343
2024,06,13,11013,Région flamande,Vlaams Gewest,Province d’Anvers,Provincie Antwerpen,Edegem,Edegem,154692.108721,204051.095264,1,Carrefour,Op Kruispunt,1,Normales,Normaal,1,Sec,Droog,2,Hors agglomération,buiten bebouwde kom,1,Jour,Dag,3,Route régionale,Gewestweg,4,Avec blessé(s) leger(s),met lichtgewonden,03,Bicyclette,Fiets,07,Motocyclette,Motorfiets,4,Entre 2 conducteurs: Par le côté (avant/derrière-flanc),Tss. 2 best.: langs opzij (voor-/achterkant-flank),0,Pas d’obstacle,Geen hindernis,51.146481,4.435809
2024,06,16,11024,Région flamande,Vlaams Gewest,Province d’Anvers,Provincie Antwerpen,Kontich,Kontich,154567.922000,202035.907000,2,Hors carrefour,Buiten Kruispunt,1,Normales,Normaal,1,Sec,Droog,2,Hors agglomération,buiten bebouwde kom,1,Jour,Dag,3,Route régionale,Gewestweg,4,Avec blessé(s) leger(s),met lichtgewonden,99,inconnu,onbekend,99,inconnu,onbekend,0,Type de collision non mentionné,Geen vermelding van de type aanrijding,-1,Type de collision non mentionné,Geen vermelding van de type aanrijding,51.128368,4.434009
2024,05,16,11024,Région flamande,Vlaams Gewest,Province d’Anvers,Provincie Antwerpen,Kontich,Kontich,152505.782634,204299.811682,2,Hors carrefour,Buiten Kruispunt,2,Pluie,Regenval,2,Humide, mouillé, flaques,Nat, plassen,2,Hors agglomération,buiten bebouwde kom,1,Jour,Dag,2,Route communale,Gemeenteweg,4,Avec blessé(s) leger(s),met lichtgewonden,99,inconnu,onbekend,99,inconnu,onbekend,0,Type de collision non mentionné,Geen vermelding van de type aanrijding,51.14873,4.404567
2024,06,07,11013,Région flamande,Vlaams Gewest,Province d’Anvers,Provincie Antwerpen,Edegem,Edegem,154159.159905,206289.470533,2,Hors carrefour,Buiten Kruispunt,1,Normales,Normaal,1,Sec,Droog,1,En agglomération,binnen bebouwde kom,1,Jour,Dag,2,Route communale,Gemeenteweg,4,Avec blessé(s) leger(s),met lichtgewonden,09,Voiture,personenauto,03,Bicyclette,Fiets,A,Entre 2 conducteurs: Flanc contre flanc,Tussen 2 bestuurders: Flank tegen flank,0,Pas d’obstacle,Geen hindernis,51.166605,4.428219
2024,06,08,11038,Région flamande,Vlaams Gewest,Province d’Anvers,Provincie Antwerpen,Schelle,Schelle,150033.100719,201517.504286,1,Carrefour,Op Kruispunt,1,Normales,Normaal,1,Sec,Droog,2,Hors agglomération,buiten bebouwde kom,1,Jour,Dag,2,Route communale,Gemeenteweg,4,Avec blessé(s) leger(s),met lichtgewonden,09,Voiture,personenauto,03,Bicyclette,Fiets,4,Entre 2 conducteurs: Par le côté (avant/derrière-flanc),Tss. 2 best.: langs opzij (voor-/achterkant-flank),0,Pas d’obstacle,Geen hindernis,51.123727,4.369229
2024,06,06,46025,Région flamande,Vlaams Gewest,Province de Flandre orientale,Provincie Oost-Vlaanderen,Tamise,Temse,143051.009708,202279.944285,1,Carrefour,Op Kruispunt,9,Inconnues, indéterminées,Onbekend,9,Inconnu, indéterminé,Onbekend,9,inconnu,onbekend,9,Inconnu, indéterminé,Onbekend,3,Route régionale,Gewestweg,4,Avec blessé(s) leger(s),met lichtgewonden,99,inconnu,onbekend,99,inconnu,onbekend,0,Type de collision non mentionné,Geen vermelding van de type aanrijding,51.130539,4.269486
2024,06,09,11001,Région flamande,Vlaams Gewest,Province d’Anvers,Provincie Antwerpen,Aartselaar,Aartselaar,151489.949383,201583.761614,2,Hors carrefour,Buiten Kruispunt,1,Normales,Normaal,1,Sec,Droog,1,En agglomération,binnen bebouwde kom,1,Jour,Dag,2,Route communale,Gemeenteweg,4,Avec blessé(s) leger(s),met lichtgewonden,09,Voiture,personenauto,03,Bicyclette,Fiets,4,Entre 2 conducteurs: Par le côté (avant/derrière-flanc),Tss. 2 best.: langs opzij (voor-/achterkant-flank),0,Pas d’obstacle,Geen hindernis,51.12432,4.390038
2024,06,21,11024,Région flamande,Vlaams Gewest,Province d’Anvers,Provincie Antwerpen,Kontich,Kontich,155437.863085,202650.098099,2,Hors carrefour,Buiten Kruispunt,1,Normales,Normaal,1,Sec,Droog,1,En agglomération,binnen bebouwde kom,1,Jour,Dag,3,Route régionale,Gewestweg,4,Avec blessé(s) leger(s),met lichtgewonden,09,Voiture,personenauto,03,Bicyclette,Fiets,4,Entre 2 conducteurs: Par le côté (avant/derrière-flanc),Tss. 2 best.: langs opzij (voor-/achterkant-flank),0,Pas d’obstacle,Geen hindernis,51.133881,4.446445
2024,06,12,11021,Région flamande,Vlaams Gewest,Province d’Anvers,Provincie Antwerpen,Hove,Hove,156430.635698,205098.622240,1,Carrefour,Op Kruispunt,1,Normales,Normaal,1,Sec,Droog,2,Hors agglomération,buiten bebouwde kom,1,Jour,Dag,3,Route régionale,Gewestweg,4,Avec blessé(s) leger(s),met lichtgewonden,09,Voiture,personenauto,09,Voiture,personenauto,4,Entre 2 conducteurs: Par le côté (avant/derrière-flanc),Tss. 2 best.: langs opzij (voor-/achterkant-flank),0,Pas d’obstacle,Geen hindernis,51.15588,4.460672
2024,06,12,11024,Région flamande,Vlaams Gewest,Province d’Anvers,Provincie Antwerpen,Kontich,Kontich,153975.811000,201618.131000,2,Hors carrefour,Buiten Kruispunt,9,Inconnues, indéterminées,Onbekend,1,Sec,Droog,2,Hors agglomération,buiten bebouwde kom,1,Jour,Dag,3,Route régionale,Gewestweg,4,Avec blessé(s) leger(s),met lichtgewonden,09,Voiture,personenauto,09,Voiture,personenauto,4,Entre 2 conducteurs: Par le côté (avant/derrière-flanc),Tss. 2 best.: langs opzij (voor-/achterkant-flank),0,Pas d’obstacle,51.124617,4.425546
2024,06,16,11013,Région flamande,Vlaams Gewest,Province d’Anvers,Provincie Antwerpen,Edegem,Edegem,154311.252653,205303.506178,2,Hors carrefour,Buiten Kruispunt,1,Normales,Normaal,1,Sec,Droog,2,Hors agglomération,buiten bebouwde kom,1,Jour,Dag,3,Route régionale,Gewestweg,3,Avec blessé(s) grave(s),met zwaargewonden,03,Bicyclette,Fiets,09,Voiture,personenauto,2,Entre 2 conducteurs: Collision frontale,Tussen 2 bestuurders: Frontale botsing,0,Pas d’obstacle,Geen hindernis,51.157741,4.430382
2024,06,14,11013,Région flamande,Vlaams Gewest,Province d’Anvers,Provincie Antwerpen,Edegem,Edegem,155387.542455,205051.095207,2,Hors carrefour,Buiten Kruispunt,9,Inconnues, indéterminées,Onbekend,9,Inconnu, indéterminé,Onbekend,9,inconnu,onbekend,1,Jour,Dag,2,Route communale,Gemeenteweg,4,Avec blessé(s) leger(s),met lichtgewonden,99,inconnu,onbekend,99,inconnu,onbekend,0,Type de collision non mentionné,Geen vermelding van de type aanrijding,-1,51.155463,4.445762
2024,06,11,11001,Région flamande,Vlaams Gewest,Province d’Anvers,Provincie Antwerpen,Aartselaar,Aartselaar,151738.481510,201186.878581,2,Hors carrefour,Buiten Kruispunt,9,Inconnues, indéterminées,Onbekend,9,Inconnu, indéterminé,Onbekend,9,inconnu,onbekend,1,Jour,Dag,2,Route communale,Gemeenteweg,4,Avec blessé(s) leger(s),met lichtgewonden,99,inconnu,onbekend,99,inconnu,onbekend,0,Type de collision non mentionné,Geen vermelding van de type aanrijding,-1,51.120752,4.393586
2024,06,16,11024,Région flamande,Vlaams Gewest,Province d’Anvers,Provincie Antwerpen,Kontich,Kontich,155874.437745,202586.985247,1,Carrefour,Op Kruispunt,1,Normales,Normaal,1,Sec,Droog,1,En agglomération,binnen bebouwde kom,1,Jour,Dag,2,Route communale,Gemeenteweg,4,Avec blessé(s) leger(s),met lichtgewonden,09,Voiture,personenauto,03,Bicyclette,Fiets,4,Entre 2 conducteurs: Par le côté (avant/derrière-flanc),Tss. 2 best.: langs opzij (voor-/achterkant-flank),0,Pas d’obstacle,Geen hindernis,51.133309,4.452681
2024,06,07,11025,Région flamande,Vlaams Gewest,Province d’Anvers,Provincie Antwerpen,Lint,Lint,158818.796722,201975.313247,1,Carrefour,Op Kruispunt,1,Normales,Normaal,1,Sec,Droog,2,Hors agglomération,buiten bebouwde kom,1,Jour,Dag,2,Route communale,Gemeenteweg,4,Avec blessé(s) leger(s),met lichtgewonden,03,Bicyclette,Fiets,09,Voiture,personenauto,A,Entre 2 conducteurs: Flanc contre flanc,Tussen 2 bestuurders: Flank tegen flank,0,Pas d’obstacle,Geen hindernis,51.127774,4.494731
2024,05,16,11024,Région flamande,Vlaams Gewest,Province d’Anvers,Provincie Antwerpen,Kontich,Kontich,155122.504614,202929.295554,2,Hors carrefour,Buiten Kruispunt,9,Inconnues, indéterminées,Onbekend,9,Inconnu, indéterminé,Onbekend,1,En agglomération,binnen bebouwde kom,1,Jour,Dag,2,Route communale,Gemeenteweg,4,Avec blessé(s) leger(s),met lichtgewonden,99,inconnu,onbekend,99,inconnu,onbekend,9,Autre ou inconnu,Andere of onbekend,-3,51.136394,4.441944
2024,06,16,11001,Région flamande,Vlaams Gewest,Province d’Anvers,Provincie Antwerpen,Aartselaar,Aartselaar,151802.368943,200758.108190,1,Carrefour,Op Kruispunt,1,Normales,Normaal,1,Sec,Droog,1,En agglomération,binnen bebouwde kom,1,Jour,Dag,2,Route communale,Gemeenteweg,4,Avec blessé(s) leger(s),met lichtgewonden,09,Voiture,personenauto,05,Camionnette,Lichte vrachtauto,3,Entre 2 conducteurs: Par l'arrière,Tussen 2 bestuurders: Langs achteren,0,Pas d’obstacle,Geen hindernis,51.116898,4.394497
2024,06,09,11024,Région flamande,Vlaams Gewest,Province d’Anvers,Provincie Antwerpen,Kontich,Kontich,156469.239714,203671.520272,2,Hors carrefour,Buiten Kruispunt,1,Normales,Normaal,1,Sec,Droog,1,En agglomération,binnen bebouwde kom,1,Jour,Dag,2,Route communale,Gemeenteweg,3,Avec blessé(s) grave(s),met zwaargewonden,03,Bicyclette,Fiets,08,Piéton,Voetganger,5,Avec un piéton,Met een voetganger,0,Pas d’obstacle,Geen hindernis,51.143052,4.461198
2024,06,18,11013,Région flamande,Vlaams Gewest,Province d’Anvers,Provincie Antwerpen,Edegem,Edegem,156270.280562,205601.202528,1,Carrefour,Op Kruispunt,1,Normales,Normaal,1,Sec,Droog,2,Hors agglomération,buiten bebouwde kom,1,Jour,Dag,3,Route régionale,Gewestweg,4,Avec blessé(s) leger(s),met lichtgewonden,09,Voiture,personenauto,05,Camionnette,Lichte vrachtauto,4,Entre 2 conducteurs: Par le côté (avant/derrière-flanc),Tss. 2 best.: langs opzij (voor-/achterkant-flank),0,Pas d’obstacle,Geen hindernis,51.160399,4.458389
2024,06,08,11001,Région flamande,Vlaams Gewest,Province d’Anvers,Provincie Antwerpen,Aartselaar,Aartselaar,151500.930442,202005.227110,2,Hors carrefour,Buiten Kruispunt,1,Normales,Normaal,1,Sec,Droog,1,En agglomération,binnen bebouwde kom,1,Jour,Dag,2,Route communale,Gemeenteweg,4,Avec blessé(s) leger(s),met lichtgewonden,99,inconnu,onbekend,03,Bicyclette,Fiets,2,Entre 2 conducteurs: Collision frontale,Tussen 2 bestuurders: Frontale botsing,0,Pas d’obstacle,Geen hindernis,51.128108,4.390197
2024,06,17,11001,Région flamande,Vlaams Gewest,Province d’Anvers,Provincie Antwerpen,Aartselaar,Aartselaar,149453.597945,203880.454786,1,Carrefour,Op Kruispunt,1,Normales,Normaal,1,Sec,Droog,1,En agglomération,binnen bebouwde kom,1,Jour,Dag,2,Route communale,Gemeenteweg,4,Avec blessé(s) leger(s),met lichtgewonden,09,Voiture,personenauto,07,Motocyclette,Motorfiets,4,Entre 2 conducteurs: Par le côté (avant/derrière-flanc),Tss. 2 best.: langs opzij (voor-/achterkant-flank),0,Pas d’obstacle,Geen hindernis,51.144966,4.360949
2024,06,08,11022,Région flamande,Vlaams Gewest,Province d’Anvers,Provincie Antwerpen,Kalmthout,Kalmthout,157172.420301,229315.407663,2,Hors carrefour,Buiten Kruispunt,1,Normales,Normaal,1,Sec,Droog,1,En agglomération,binnen bebouwde kom,1,Jour,Dag,3,Route régionale,Gewestweg,4,Avec blessé(s) leger(s),met lichtgewonden,09,Voiture,personenauto,09,Voiture,personenauto,3,Entre 2 conducteurs: Par l'arrière,Tussen 2 bestuurders: Langs achteren,0,Pas d’obstacle,Geen hindernis,51.373537,4.471758
2024,06,19,11022,Région flamande,Vlaams Gewest,Province d’Anvers,Provincie Antwerpen,Kalmthout,Kalmthout,157094.468725,228597.313258,1,Carrefour,Op Kruispunt,1,Normales,Normaal,1,Sec,Droog,1,En agglomération,binnen bebouwde kom,1,Jour,Dag,2,Route communale,Gemeenteweg,4,Avec blessé(s) leger(s),met lichtgewonden,03,Bicyclette,Fiets,09,Voiture,personenauto,4,Entre 2 conducteurs: Par le côté (avant/derrière-flanc),Tss. 2 best.: langs opzij (voor-/achterkant-flank),0,Pas d’obstacle,Geen hindernis,51.367083,4.470624
2024,06,11,11022,Région flamande,Vlaams Gewest,Province d’Anvers,Provincie Antwerpen,Kalmthout,Kalmthout,157624.048116,228594.104856,2,Hors carrefour,Buiten Kruispunt,1,Normales,Normaal,1,Sec,Droog,1,En agglomération,binnen bebouwde kom,1,Jour,Dag,2,Route communale,Gemeenteweg,3,Avec blessé(s) grave(s),met zwaargewonden,03,Bicyclette,Fiets,03,Bicyclette,Fiets,4,Entre 2 conducteurs: Par le côté (avant/derrière-flanc),Tss. 2 best.: langs opzij (voor-/achterkant-flank),0,Pas d’obstacle,Geen hindernis,51.367048,4.478228
2024,06,18,11016,Région flamande,Vlaams Gewest,Province d’Anvers,Provincie Antwerpen,Essen,Essen,158174.483702,235071.546285,1,Carrefour,Op Kruispunt,1,Normales,Normaal,1,Sec,Droog,2,Hors agglomération,buiten bebouwde kom,1,Jour,Dag,3,Route régionale,Gewestweg,4,Avec blessé(s) leger(s),met lichtgewonden,09,Voiture,personenauto,09,Voiture,personenauto,4,Entre 2 conducteurs: Par le côté (avant/derrière-flanc),Tss. 2 best.: langs opzij (voor-/achterkant-flank),0,Pas d’obstacle,Geen hindernis,51.425258,4.48628
2024,06,10,11053,Région flamande,Vlaams Gewest,Province d’Anvers,Provincie Antwerpen,Wuustwezel,Wuustwezel,165685.835530,231386.907625,2,Hors carrefour,Buiten Kruispunt,1,Normales,Normaal,4,Propre,Proper,1,En agglomération,binnen bebouwde kom,1,Jour,Dag,3,Route régionale,Gewestweg,4,Avec blessé(s) leger(s),met lichtgewonden,09,Voiture,personenauto,03,Bicyclette,Fiets,4,Entre 2 conducteurs: Par le côté (avant/derrière-flanc),Tss. 2 best.: langs opzij (voor-/achterkant-flank),0,Pas d’obstacle,Geen hindernis,51.391985,4.594103
2024,06,16,11016,Région flamande,Vlaams Gewest,Province d’Anvers,Provincie Antwerpen,Essen,Essen,157365.021988,238387.819168,2,Hors carrefour,Buiten Kruispunt,1,Normales,Normaal,9,Inconnu, indéterminé,Onbekend,2,Hors agglomération,buiten bebouwde kom,1,Jour,Dag,3,Route régionale,Gewestweg,4,Avec blessé(s) leger(s),met lichtgewonden,09,Voiture,personenauto,08,Piéton,Voetganger,5,Avec un piéton,Met een voetganger,0,Pas d’obstacle,51.455074,4.474711
2024,06,08,11016,Région flamande,Vlaams Gewest,Province d’Anvers,Provincie Antwerpen,Essen,Essen,155856.937717,235395.501292,1,Carrefour,Op Kruispunt,1,Normales,Normaal,1,Sec,Droog,1,En agglomération,binnen bebouwde kom,1,Jour,Dag,2,Route communale,Gemeenteweg,4,Avec blessé(s) leger(s),met lichtgewonden,09,Voiture,personenauto,03,Bicyclette,Fiets,2,Entre 2 conducteurs: Collision frontale,Tussen 2 bestuurders: Frontale botsing,0,Pas d’obstacle,Geen hindernis,51.428198,4.452967
2024,06,09,11016,Région flamande,Vlaams Gewest,Province d’Anvers,Provincie Antwerpen,Essen,Essen,156644.048692,236485.825698,2,Hors carrefour,Buiten Kruispunt,9,Inconnues, indéterminées,Onbekend,9,Inconnu, indéterminé,Onbekend,9,inconnu,onbekend,1,Jour,Dag,2,Route communale,Gemeenteweg,3,Avec blessé(s) grave(s),met zwaargewonden,99,inconnu,onbekend,99,inconnu,onbekend,0,Type de collision non mentionné,Geen vermelding van de type aanrijding,-1,51.437988,4.464304
2024,06,06,11053,Région flamande,Vlaams Gewest,Province d’Anvers,Provincie Antwerpen,Wuustwezel,Wuustwezel,166386.190653,232303.334519,2,Hors carrefour,Buiten Kruispunt,9,Inconnues, indéterminées,Onbekend,9,Inconnu, indéterminé,Onbekend,9,inconnu,onbekend,9,Inconnu, indéterminé,Onbekend,3,Route régionale,Gewestweg,4,Avec blessé(s) leger(s),met lichtgewonden,99,inconnu,onbekend,99,inconnu,onbekend,0,Type de collision non mentionné,Geen vermelding van de type aanrijding,51.400202,4.604206
2024,06,14,11022,Région flamande,Vlaams Gewest,Province d’Anvers,Provincie Antwerpen,Kalmthout,Kalmthout,157199.551361,231332.129454,2,Hors carrefour,Buiten Kruispunt,9,Inconnues, indéterminées,Onbekend,9,Inconnu, indéterminé,Onbekend,9,inconnu,onbekend,1,Jour,Dag,2,Route communale,Gemeenteweg,4,Avec blessé(s) leger(s),met lichtgewonden,99,inconnu,onbekend,99,inconnu,onbekend,0,Type de collision non mentionné,Geen vermelding van de type aanrijding,-1,51.391662,4.472188
2024,06,18,11022,Région flamande,Vlaams Gewest,Province d’Anvers,Provincie Antwerpen,Kalmthout,Kalmthout,155694.984692,230057.204266,1,Carrefour,Op Kruispunt,1,Normales,Normaal,1,Sec,Droog,2,Hors agglomération,buiten bebouwde kom,1,Jour,Dag,3,Route régionale,Gewestweg,4,Avec blessé(s) leger(s),met lichtgewonden,09,Voiture,personenauto,09,Voiture,personenauto,3,Entre 2 conducteurs: Par l'arrière,Tussen 2 bestuurders: Langs achteren,0,Pas d’obstacle,Geen hindernis,51.38022,4.450554
2024,06,11,11022,Région flamande,Vlaams Gewest,Province d’Anvers,Provincie Antwerpen,Kalmthout,Kalmthout,156775.624693,229436.298282,1,Carrefour,Op Kruispunt,1,Normales,Normaal,4,Propre,Proper,1,En agglomération,binnen bebouwde kom,1,Jour,Dag,2,Route communale,Gemeenteweg,4,Avec blessé(s) leger(s),met lichtgewonden,06,Cyclomoteur,Bromfiets,09,Voiture,personenauto,4,Entre 2 conducteurs: Par le côté (avant/derrière-flanc),Tss. 2 best.: langs opzij (voor-/achterkant-flank),0,Pas d’obstacle,Geen hindernis,51.374628,4.466062
2024,06,16,11022,Région flamande,Vlaams Gewest,Province d’Anvers,Provincie Antwerpen,Kalmthout,Kalmthout,159518.293630,229851.146773,2,Hors carrefour,Buiten Kruispunt,2,Pluie,Regenval,2,Humide, mouillé, flaques,Nat, plassen,2,Hors agglomération,buiten bebouwde kom,1,Jour,Dag,3,Route régionale,Gewestweg,4,Avec blessé(s) leger(s),met lichtgewonden,09,Voiture,personenauto,09,Voiture,personenauto,A,Entre 2 conducteurs: Flanc contre flanc,Tussen 2 bestuurders: Flank tegen flank,51.378317,4.50546
2024,06,02,11022,Région flamande,Vlaams Gewest,Province d’Anvers,Provincie Antwerpen,Kalmthout,Kalmthout,157031.596029,232354.454581,2,Hors carrefour,Buiten Kruispunt,1,Normales,Normaal,1,Sec,Droog,2,Hors agglomération,buiten bebouwde kom,3,Nuit, éclairage public présent et allumé,Nacht, openbare verlichting aanwezig en ontstoken,3,Route régionale,Gewestweg,4,Avec blessé(s) leger(s),met lichtgewonden,09,Voiture,personenauto,11,usager/obstacle,een weggebruiker tegen een hindernis,7,Usager contre obstacle situé hors chaussée,Weggebruiker tegen hindernis buiten rijbaan,61,51.400853,4.469796
2024,06,21,11016,Région flamande,Vlaams Gewest,Province d’Anvers,Provincie Antwerpen,Essen,Essen,156454.947108,239524.073864,2,Hors carrefour,Buiten Kruispunt,1,Normales,Normaal,1,Sec,Droog,1,En agglomération,binnen bebouwde kom,2,Aube, crépuscule,Dageraad - schemering,3,Route régionale,Gewestweg,4,Avec blessé(s) leger(s),met lichtgewonden,05,Camionnette,Lichte vrachtauto,08,Piéton,Voetganger,5,Avec un piéton,Met een voetganger,0,Pas d’obstacle,51.465297,4.46164
2024,06,06,11009,Région flamande,Vlaams Gewest,Province d’Anvers,Provincie Antwerpen,Brecht,Brecht,167448.197228,228210.698939,2,Hors carrefour,Buiten Kruispunt,9,Inconnues, indéterminées,Onbekend,9,Inconnu, indéterminé,Onbekend,9,inconnu,onbekend,9,Inconnu, indéterminé,Onbekend,3,Route régionale,Gewestweg,4,Avec blessé(s) leger(s),met lichtgewonden,99,inconnu,onbekend,99,inconnu,onbekend,0,Type de collision non mentionné,Geen vermelding van de type aanrijding,51.363387,4.619267
2024,06,14,11053,Région flamande,Vlaams Gewest,Province d’Anvers,Provincie Antwerpen,Wuustwezel,Wuustwezel,,,2,Hors carrefour,Buiten Kruispunt,1,Normales,Normaal,4,Propre,Proper,2,Hors agglomération,buiten bebouwde kom,1,Jour,Dag,2,Route communale,Gemeenteweg,4,Avec blessé(s) leger(s),met lichtgewonden,09,Voiture,personenauto,07,Motocyclette,Motorfiets,4,Entre 2 conducteurs: Par le côté (avant/derrière-flanc),Tss. 2 best.: langs opzij (voor-/achterkant-flank),0,Pas d’obstacle,Geen hindernis,,
2024,06,18,11016,Région flamande,Vlaams Gewest,Province d’Anvers,Provincie Antwerpen,Essen,Essen,156839.557964,239742.385048,2,Hors carrefour,Buiten Kruispunt,1,Normales,Normaal,1,Sec,Droog,1,En agglomération,binnen bebouwde kom,1,Jour,Dag,3,Route régionale,Gewestweg,4,Avec blessé(s) leger(s),met lichtgewonden,09,Voiture,personenauto,09,Voiture,personenauto,1,Collision en chaîne (3 conducteurs ou plus),Kettingbotsing (3 bestuurders of meer),0,Pas d’obstacle,Geen hindernis,51.467254,4.467178
2024,06,05,11022,Région flamande,Vlaams Gewest,Province d’Anvers,Provincie Antwerpen,Kalmthout,Kalmthout,160760.675310,236441.424467,2,Hors carrefour,Buiten Kruispunt,1,Normales,Normaal,1,Sec,Droog,2,Hors agglomération,buiten bebouwde kom,2,Aube, crépuscule,Dageraad - schemering,2,Route communale,Gemeenteweg,4,Avec blessé(s) leger(s),met lichtgewonden,09,Voiture,personenauto,11,usager/obstacle,een weggebruiker tegen een hindernis,7,Usager contre obstacle situé hors chaussée,Weggebruiker tegen hindernis buiten rijbaan,65,Hors chaussée: Clôture,51.437527,4.523501
2024,06,12,11053,Région flamande,Vlaams Gewest,Province d’Anvers,Provincie Antwerpen,Wuustwezel,Wuustwezel,171721.457723,232299.253293,2,Hors carrefour,Buiten Kruispunt,2,Pluie,Regenval,2,Humide, mouillé, flaques,Nat, plassen,1,En agglomération,binnen bebouwde kom,1,Jour,Dag,3,Route régionale,Gewestweg,4,Avec blessé(s) leger(s),met lichtgewonden,05,Camionnette,Lichte vrachtauto,11,usager/obstacle,een weggebruiker tegen een hindernis,7,Usager contre obstacle situé hors chaussée,Weggebruiker tegen hindernis buiten rijbaan,51.399988,4.680865
2024,06,06,11053,Région flamande,Vlaams Gewest,Province d’Anvers,Provincie Antwerpen,Wuustwezel,Wuustwezel,169038.520563,232180.289478,2,Hors carrefour,Buiten Kruispunt,1,Normales,Normaal,1,Sec,Droog,1,En agglomération,binnen bebouwde kom,1,Jour,Dag,3,Route régionale,Gewestweg,3,Avec blessé(s) grave(s),met zwaargewonden,99,inconnu,onbekend,99,inconnu,onbekend,9,Autre ou inconnu,Andere of onbekend,-3,Présence d'obstacle non mentionnée,Geen vermelding van de aanwezigheid van een hindernis,51.399014,4.64231
2024,06,23,11053,Région flamande,Vlaams Gewest,Province d’Anvers,Provincie Antwerpen,Wuustwezel,Wuustwezel,163551.953500,229460.580574,1,Carrefour,Op Kruispunt,1,Normales,Normaal,1,Sec,Droog,2,Hors agglomération,buiten bebouwde kom,3,Nuit, éclairage public présent et allumé,Nacht, openbare verlichting aanwezig en ontstoken,2,Route communale,Gemeenteweg,3,Avec blessé(s) grave(s),met zwaargewonden,09,Voiture,personenauto,11,usager/obstacle,een weggebruiker tegen een hindernis,7,Usager contre obstacle situé hors chaussée,Weggebruiker tegen hindernis buiten rijbaan,59,51.374726,4.563375
2024,06,07,11050,Région flamande,Vlaams Gewest,Province d’Anvers,Provincie Antwerpen,Wijnegem,Wijnegem,162353.608693,212363.766244,1,Carrefour,Op Kruispunt,1,Normales,Normaal,1,Sec,Droog,1,En agglomération,binnen bebouwde kom,1,Jour,Dag,2,Route communale,Gemeenteweg,4,Avec blessé(s) leger(s),met lichtgewonden,03,Bicyclette,Fiets,09,Voiture,personenauto,4,Entre 2 conducteurs: Par le côté (avant/derrière-flanc),Tss. 2 best.: langs opzij (voor-/achterkant-flank),0,Pas d’obstacle,Geen hindernis,51.221085,4.545579