DT_YEAR_COLLISION,DT_MONTH_COLLISION,DT_TIME,CD_NIS,TX_RGN_COLLISION_FR,TX_RGN_COLLISION_NL,TX_PROV_COLLISION_FR,TX_PROV_COLLISION_NL,TX_MUNTY_COLLISION_FR,TX_MUNTY_COLLISION_NL,MS_X_COORD,MS_Y_COORD,CD_CROSSWAY,TX_CROSSWAY_FR,TX_CROSSWAY_NL,CD_WEATHER,TX_WEATHER_FR,TX_WEATHER_NL,CD_ROAD_CONDITION,TX_ROAD_CONDITION_FR,TX_ROAD_CONDITION_NL,CD_BUILD_UP_AREA,TX_BUILD_UP_AREA_FR,TX_BUILD_UP_AREA_NL,CD_LIGHT_CONDITION,TX_LIGHT_CONDITION_FR,TX_LIGHT_CONDITION_NL,CD_ROAD_TYPE,CD_ROAD_TYPE_FR,CD_ROAD_TYPE_NL,CD_CLASS_ACCIDENTS,TX_CLASS_ACCIDENTS_FR,TX_CLASS_ACCIDENTS_NL,CD_ROAD_USR_TYPE1,TX_ROAD_USR_TYPE1_FR,TX_ROAD_USR_TYPE1_NL,CD_ROAD_USR_TYPE2,TX_ROAD_USR_TYPE2_FR,TX_ROAD_USR_TYPE2_NL,CD_COLLISION_TYPE,TX_COLLISON_TYPE_FR,TX_COLLISION_TYPE_NL,CD_OBSTACLES,TX_OBSTACLES_FR,TX_OBSTACLES_NL,LAT,LON
2024,06,11,73109,Région flamande,Vlaams Gewest,Province de Limbourg,Provincie Limburg,Fourons,Voeren,251859.891664,160767.218266,1,Carrefour,Op Kruispunt,1,Normales,Normaal,1,Sec,Droog,1,En agglomération,binnen bebouwde kom,1,Jour,Dag,2,Route communale,Gemeenteweg,4,Avec blessé(s) leger(s),met lichtgewonden,03,Bicyclette,Fiets,07,Motocyclette,Motorfiets,2,Entre 2 conducteurs: Collision frontale,Tussen 2 bestuurders: Frontale botsing,0,Pas d’obstacle,Geen hindernis,50.748503,5.812169
2024,06,15,72041,Région flamande,Vlaams Gewest,Province de Limbourg,Provincie Limburg,Dilsen-Stokkem,Dilsen-Stokkem,245212.744099,190153.846340,2,Hors carrefour,Buiten Kruispunt,1,Normales,Normaal,1,Sec,Droog,2,Hors agglomération,buiten bebouwde kom,1,Jour,Dag,3,Route régionale,Gewestweg,3,Avec blessé(s) grave(s),met zwaargewonden,09,Voiture,personenauto,09,Voiture,personenauto,4,Entre 2 conducteurs: Par le côté (avant/derrière-flanc),Tss. 2 best.: langs opzij (voor-/achterkant-flank),0,Pas d’obstacle,Geen hindernis,51.013752,5.72561
2024,06,22,72021,Région flamande,Vlaams Gewest,Province de Limbourg,Provincie Limburg,Maaseik,Maaseik,240311.199697,196585.059303,1,Carrefour,Op Kruispunt,1,Normales,Normaal,1,Sec,Droog,1,En agglomération,binnen bebouwde kom,3,Nuit, éclairage public présent et allumé,Nacht, openbare verlichting aanwezig en ontstoken,2,Route communale,Gemeenteweg,4,Avec blessé(s) leger(s),met lichtgewonden,03,Bicyclette,Fiets,11,usager/obstacle,een weggebruiker tegen een hindernis,7,Usager contre obstacle situé hors chaussée,Weggebruiker tegen hindernis buiten rijbaan,67,51.072338,5.657364
2024,06,06,72041,Région flamande,Vlaams Gewest,Province de Limbourg,Provincie Limburg,Dilsen-Stokkem,Dilsen-Stokkem,246489.749714,191278.126310,1,Carrefour,Op Kruispunt,1,Normales,Normaal,1,Sec,Droog,1,En agglomération,binnen bebouwde kom,1,Jour,Dag,2,Route communale,Gemeenteweg,4,Avec blessé(s) leger(s),met lichtgewonden,03,Bicyclette,Fiets,09,Voiture,personenauto,A,Entre 2 conducteurs: Flanc contre flanc,Tussen 2 bestuurders: Flank tegen flank,0,Pas d’obstacle,Geen hindernis,51.023645,5.744101
2024,06,15,72021,Région flamande,Vlaams Gewest,Province de Limbourg,Provincie Limburg,Maaseik,Maaseik,244612.679035,201755.329800,2,Hors carrefour,Buiten Kruispunt,1,Normales,Normaal,1,Sec,Droog,2,Hors agglomération,buiten bebouwde kom,1,Jour,Dag,3,Route régionale,Gewestweg,4,Avec blessé(s) leger(s),met lichtgewonden,07,Motocyclette,Motorfiets,09,Voiture,personenauto,3,Entre 2 conducteurs: Par l'arrière,Tussen 2 bestuurders: Langs achteren,0,Pas d’obstacle,Geen hindernis,51.118117,5.72007
2024,06,17,24062,Région flamande,Vlaams Gewest,Province du Brabant flamand,Provincie Vlaams-Brabant,Louvain,Leuven,173398.260321,172565.335573,2,Hors carrefour,Buiten Kruispunt,9,Inconnues, indéterminées,Onbekend,9,Inconnu, indéterminé,Onbekend,1,En agglomération,binnen bebouwde kom,9,Inconnu, indéterminé,Onbekend,2,Route communale,Gemeenteweg,4,Avec blessé(s) leger(s),met lichtgewonden,03,Bicyclette,Fiets,08,Piéton,Voetganger,5,Avec un piéton,Met een voetganger,50.863,4.701109
2024,06,15,24062,Région flamande,Vlaams Gewest,Province du Brabant flamand,Provincie Vlaams-Brabant,Louvain,Leuven,174313.898549,174686.137622,2,Hors carrefour,Buiten Kruispunt,1,Normales,Normaal,1,Sec,Droog,1,En agglomération,binnen bebouwde kom,1,Jour,Dag,3,Route régionale,Gewestweg,4,Avec blessé(s) leger(s),met lichtgewonden,03,Bicyclette,Fiets,08,Piéton,Voetganger,5,Avec un piéton,Met een voetganger,0,Pas d’obstacle,Geen hindernis,50.882027,4.714255
2024,06,16,24062,Région flamande,Vlaams Gewest,Province du Brabant flamand,Provincie Vlaams-Brabant,Louvain,Leuven,173797.805551,176444.930503,1,Carrefour,Op Kruispunt,1,Normales,Normaal,1,Sec,Droog,1,En agglomération,binnen bebouwde kom,1,Jour,Dag,3,Route régionale,Gewestweg,4,Avec blessé(s) leger(s),met lichtgewonden,06,Cyclomoteur,Bromfiets,09,Voiture,personenauto,4,Entre 2 conducteurs: Par le côté (avant/derrière-flanc),Tss. 2 best.: langs opzij (voor-/achterkant-flank),0,Pas d’obstacle,Geen hindernis,50.897858,4.707035
2024,06,16,24062,Région flamande,Vlaams Gewest,Province du Brabant flamand,Provincie Vlaams-Brabant,Louvain,Leuven,173941.827701,173303.453270,1,Carrefour,Op Kruispunt,1,Normales,Normaal,1,Sec,Droog,1,En agglomération,binnen bebouwde kom,1,Jour,Dag,3,Route régionale,Gewestweg,4,Avec blessé(s) leger(s),met lichtgewonden,06,Cyclomoteur,Bromfiets,05,Camionnette,Lichte vrachtauto,4,Entre 2 conducteurs: Par le côté (avant/derrière-flanc),Tss. 2 best.: langs opzij (voor-/achterkant-flank),0,Pas d’obstacle,Geen hindernis,50.869613,4.708878
2024,06,16,24062,Région flamande,Vlaams Gewest,Province du Brabant flamand,Provincie Vlaams-Brabant,Louvain,Leuven,174292.110317,177971.907650,1,Carrefour,Op Kruispunt,1,Normales,Normaal,1,Sec,Droog,1,En agglomération,binnen bebouwde kom,1,Jour,Dag,3,Route régionale,Gewestweg,4,Avec blessé(s) leger(s),met lichtgewonden,03,Bicyclette,Fiets,03,Bicyclette,Fiets,4,Entre 2 conducteurs: Par le côté (avant/derrière-flanc),Tss. 2 best.: langs opzij (voor-/achterkant-flank),0,Pas d’obstacle,Geen hindernis,50.911564,4.714163
2024,06,10,24062,Région flamande,Vlaams Gewest,Province du Brabant flamand,Provincie Vlaams-Brabant,Louvain,Leuven,174727.066677,176557.008279,1,Carrefour,Op Kruispunt,9,Inconnues, indéterminées,Onbekend,1,Sec,Droog,1,En agglomération,binnen bebouwde kom,1,Jour,Dag,2,Route communale,Gemeenteweg,4,Avec blessé(s) leger(s),met lichtgewonden,03,Bicyclette,Fiets,09,Voiture,personenauto,4,Entre 2 conducteurs: Par le côté (avant/derrière-flanc),Tss. 2 best.: langs opzij (voor-/achterkant-flank),0,Pas d’obstacle,50.898827,4.720252
2024,06,18,24062,Région flamande,Vlaams Gewest,Province du Brabant flamand,Provincie Vlaams-Brabant,Louvain,Leuven,172646.775732,173571.604310,1,Carrefour,Op Kruispunt,2,Pluie,Regenval,2,Humide, mouillé, flaques,Nat, plassen,1,En agglomération,binnen bebouwde kom,1,Jour,Dag,3,Route régionale,Gewestweg,4,Avec blessé(s) leger(s),met lichtgewonden,03,Bicyclette,Fiets,09,Voiture,personenauto,4,Entre 2 conducteurs: Par le côté (avant/derrière-flanc),Tss. 2 best.: langs opzij (voor-/achterkant-flank),50.872075,4.690496
2024,06,09,24062,Région flamande,Vlaams Gewest,Province du Brabant flamand,Provincie Vlaams-Brabant,Louvain,Leuven,174331.519477,174630.828054,2,Hors carrefour,Buiten Kruispunt,2,Pluie,Regenval,2,Humide, mouillé, flaques,Nat, plassen,1,En agglomération,binnen bebouwde kom,1,Jour,Dag,3,Route régionale,Gewestweg,4,Avec blessé(s) leger(s),met lichtgewonden,08,Piéton,Voetganger,03,Bicyclette,Fiets,5,Avec un piéton,Met een voetganger,50.881529,4.714502
2024,06,07,24062,Région flamande,Vlaams Gewest,Province du Brabant flamand,Provincie Vlaams-Brabant,Louvain,Leuven,174321.993333,173765.204886,1,Carrefour,Op Kruispunt,1,Normales,Normaal,1,Sec,Droog,1,En agglomération,binnen bebouwde kom,1,Jour,Dag,3,Route régionale,Gewestweg,4,Avec blessé(s) leger(s),met lichtgewonden,09,Voiture,personenauto,08,Piéton,Voetganger,5,Avec un piéton,Met een voetganger,0,Pas d’obstacle,Geen hindernis,50.873748,4.714309
2024,06,09,24062,Région flamande,Vlaams Gewest,Province du Brabant flamand,Provincie Vlaams-Brabant,Louvain,Leuven,172673.476387,173541.719076,2,Hors carrefour,Buiten Kruispunt,1,Normales,Normaal,1,Sec,Droog,1,En agglomération,binnen bebouwde kom,1,Jour,Dag,3,Route régionale,Gewestweg,4,Avec blessé(s) leger(s),met lichtgewonden,09,Voiture,personenauto,03,Bicyclette,Fiets,4,Entre 2 conducteurs: Par le côté (avant/derrière-flanc),Tss. 2 best.: langs opzij (voor-/achterkant-flank),0,Pas d’obstacle,Geen hindernis,50.871806,4.690874
2024,06,09,24062,Région flamande,Vlaams Gewest,Province du Brabant flamand,Provincie Vlaams-Brabant,Louvain,Leuven,173996.096138,173927.466041,2,Hors carrefour,Buiten Kruispunt,1,Normales,Normaal,1,Sec,Droog,1,En agglomération,binnen bebouwde kom,1,Jour,Dag,2,Route communale,Gemeenteweg,4,Avec blessé(s) leger(s),met lichtgewonden,99,inconnu,onbekend,99,inconnu,onbekend,9,Autre ou inconnu,Andere of onbekend,-3,Présence d'obstacle non mentionnée,Geen vermelding van de aanwezigheid van een hindernis,50.87522,4.709689
2024,06,17,24062,Région flamande,Vlaams Gewest,Province du Brabant flamand,Provincie Vlaams-Brabant,Louvain,Leuven,173743.841610,176404.231055,2,Hors carrefour,Buiten Kruispunt,1,Normales,Normaal,1,Sec,Droog,1,En agglomération,binnen bebouwde kom,1,Jour,Dag,2,Route communale,Gemeenteweg,4,Avec blessé(s) leger(s),met lichtgewonden,03,Bicyclette,Fiets,03,Bicyclette,Fiets,A,Entre 2 conducteurs: Flanc contre flanc,Tussen 2 bestuurders: Flank tegen flank,0,Pas d’obstacle,Geen hindernis,50.897495,4.706266
2024,06,17,24062,Région flamande,Vlaams Gewest,Province du Brabant flamand,Provincie Vlaams-Brabant,Louvain,Leuven,173740.140725,176873.735255,1,Carrefour,Op Kruispunt,1,Normales,Normaal,4,Propre,Proper,1,En agglomération,binnen bebouwde kom,1,Jour,Dag,2,Route communale,Gemeenteweg,4,Avec blessé(s) leger(s),met lichtgewonden,03,Bicyclette,Fiets,03,Bicyclette,Fiets,4,Entre 2 conducteurs: Par le côté (avant/derrière-flanc),Tss. 2 best.: langs opzij (voor-/achterkant-flank),0,Pas d’obstacle,Geen hindernis,50.901715,4.706243
2024,06,12,24062,Région flamande,Vlaams Gewest,Province du Brabant flamand,Provincie Vlaams-Brabant,Louvain,Leuven,174359.406709,174525.957270,1,Carrefour,Op Kruispunt,1,Normales,Normaal,4,Propre,Proper,1,En agglomération,binnen bebouwde kom,1,Jour,Dag,3,Route régionale,Gewestweg,4,Avec blessé(s) leger(s),met lichtgewonden,01,Autobus,Autobus,10,usager seul,één bestuurder, geen hindernis,8,Un seul usager, pas d'obstacle (chute incl.),Eén bestuurder, geen hindernis (incl. val),50.880585,4.714891
2024,06,09,24086,Région flamande,Vlaams Gewest,Province du Brabant flamand,Provincie Vlaams-Brabant,Oud-Heverlee,Oud-Heverlee,175273.506014,169290.269824,2,Hors carrefour,Buiten Kruispunt,1,Normales,Normaal,1,Sec,Droog,1,En agglomération,binnen bebouwde kom,1,Jour,Dag,2,Route communale,Gemeenteweg,4,Avec blessé(s) leger(s),met lichtgewonden,03,Bicyclette,Fiets,09,Voiture,personenauto,A,Entre 2 conducteurs: Flanc contre flanc,Tussen 2 bestuurders: Flank tegen flank,0,Pas d’obstacle,Geen hindernis,50.83348,4.72752
2024,06,10,24062,Région flamande,Vlaams Gewest,Province du Brabant flamand,Provincie Vlaams-Brabant,Louvain,Leuven,173975.624693,174064.188310,1,Carrefour,Op Kruispunt,9,Inconnues, indéterminées,Onbekend,9,Inconnu, indéterminé,Onbekend,1,En agglomération,binnen bebouwde kom,1,Jour,Dag,2,Route communale,Gemeenteweg,4,Avec blessé(s) leger(s),met lichtgewonden,99,inconnu,onbekend,99,inconnu,onbekend,9,Autre ou inconnu,Andere of onbekend,-3,50.87645,4.709407
2024,06,21,24062,Région flamande,Vlaams Gewest,Province du Brabant flamand,Provincie Vlaams-Brabant,Louvain,Leuven,174349.351705,177581.900282,1,Carrefour,Op Kruispunt,1,Normales,Normaal,1,Sec,Droog,2,Hors agglomération,buiten bebouwde kom,1,Jour,Dag,3,Route régionale,Gewestweg,4,Avec blessé(s) leger(s),met lichtgewonden,09,Voiture,personenauto,03,Bicyclette,Fiets,4,Entre 2 conducteurs: Par le côté (avant/derrière-flanc),Tss. 2 best.: langs opzij (voor-/achterkant-flank),0,Pas d’obstacle,Geen hindernis,50.908056,4.714951
2024,06,00,24062,Région flamande,Vlaams Gewest,Province du Brabant flamand,Provincie Vlaams-Brabant,Louvain,Leuven,175573.447716,171189.998162,2,Hors carrefour,Buiten Kruispunt,1,Normales,Normaal,1,Sec,Droog,2,Hors agglomération,buiten bebouwde kom,3,Nuit, éclairage public présent et allumé,Nacht, openbare verlichting aanwezig en ontstoken,2,Route communale,Gemeenteweg,4,Avec blessé(s) leger(s),met lichtgewonden,03,Bicyclette,Fiets,10,usager seul,één bestuurder, geen hindernis,8,Un seul usager, pas d'obstacle (chute incl.),50.850544,4.731909
2024,06,17,24062,Région flamande,Vlaams Gewest,Province du Brabant flamand,Provincie Vlaams-Brabant,Louvain,Leuven,175223.647521,171882.192146,2,Hors carrefour,Buiten Kruispunt,1,Normales,Normaal,2,Humide, mouillé, flaques,Nat, plassen,2,Hors agglomération,buiten bebouwde kom,1,Jour,Dag,3,Route régionale,Gewestweg,4,Avec blessé(s) leger(s),met lichtgewonden,09,Voiture,personenauto,09,Voiture,personenauto,1,Collision en chaîne (3 conducteurs ou plus),Kettingbotsing (3 bestuurders of meer),50.856782,4.72699
2024,06,18,24062,Région flamande,Vlaams Gewest,Province du Brabant flamand,Provincie Vlaams-Brabant,Louvain,Leuven,173738.033717,175599.791254,1,Carrefour,Op Kruispunt,1,Normales,Normaal,1,Sec,Droog,1,En agglomération,binnen bebouwde kom,1,Jour,Dag,2,Route communale,Gemeenteweg,3,Avec blessé(s) grave(s),met zwaargewonden,03,Bicyclette,Fiets,11,usager/obstacle,een weggebruiker tegen een hindernis,7,Usager contre obstacle situé hors chaussée,Weggebruiker tegen hindernis buiten rijbaan,62,Hors chaussée: Barrière sécurité franchie,Buiten de rijbaan: Vangrails overschreden,50.890264,4.706131
2024,06,09,24062,Région flamande,Vlaams Gewest,Province du Brabant flamand,Provincie Vlaams-Brabant,Louvain,Leuven,173034.522797,172618.820230,2,Hors carrefour,Buiten Kruispunt,1,Normales,Normaal,1,Sec,Droog,1,En agglomération,binnen bebouwde kom,1,Jour,Dag,3,Route régionale,Gewestweg,4,Avec blessé(s) leger(s),met lichtgewonden,09,Voiture,personenauto,08,Piéton,Voetganger,5,Avec un piéton,Met een voetganger,0,Pas d’obstacle,Geen hindernis,50.863495,4.695945
2024,06,14,24062,Région flamande,Vlaams Gewest,Province du Brabant flamand,Provincie Vlaams-Brabant,Louvain,Leuven,172673.476387,173541.719076,2,Hors carrefour,Buiten Kruispunt,1,Normales,Normaal,1,Sec,Droog,1,En agglomération,binnen bebouwde kom,1,Jour,Dag,3,Route régionale,Gewestweg,4,Avec blessé(s) leger(s),met lichtgewonden,09,Voiture,personenauto,09,Voiture,personenauto,3,Entre 2 conducteurs: Par l'arrière,Tussen 2 bestuurders: Langs achteren,0,Pas d’obstacle,Geen hindernis,50.871806,4.690874
2024,03,15,24062,Région flamande,Vlaams Gewest,Province du Brabant flamand,Provincie Vlaams-Brabant,Louvain,Leuven,,,2,Hors carrefour,Buiten Kruispunt,1,Normales,Normaal,1,Sec,Droog,1,En agglomération,binnen bebouwde kom,1,Jour,Dag,2,Route communale,Gemeenteweg,4,Avec blessé(s) leger(s),met lichtgewonden,03,Bicyclette,Fiets,09,Voiture,personenauto,A,Entre 2 conducteurs: Flanc contre flanc,Tussen 2 bestuurders: Flank tegen flank,0,Pas d’obstacle,Geen hindernis,,
2024,06,12,24062,Région flamande,Vlaams Gewest,Province du Brabant flamand,Provincie Vlaams-Brabant,Louvain,Leuven,173505.541591,174571.139352,2,Hors carrefour,Buiten Kruispunt,1,Normales,Normaal,4,Propre,Proper,1,En agglomération,binnen bebouwde kom,1,Jour,Dag,2,Route communale,Gemeenteweg,4,Avec blessé(s) leger(s),met lichtgewonden,08,Piéton,Voetganger,01,Autobus,Autobus,5,Avec un piéton,Met een voetganger,0,Pas d’obstacle,Geen hindernis,50.881026,4.702761
2024,06,16,24062,Région flamande,Vlaams Gewest,Province du Brabant flamand,Provincie Vlaams-Brabant,Louvain,Leuven,174221.361380,172386.358944,2,Hors carrefour,Buiten Kruispunt,1,Normales,Normaal,1/4,Sec+Propre,Droog+Proper,1,En agglomération,binnen bebouwde kom,1,Jour,Dag,2,Route communale,Gemeenteweg,4,Avec blessé(s) leger(s),met lichtgewonden,09,Voiture,personenauto,03,Bicyclette,Fiets,3,Entre 2 conducteurs: Par l'arrière,Tussen 2 bestuurders: Langs achteren,0,Pas d’obstacle,Geen hindernis,50.861357,4.712788
2024,06,10,24062,Région flamande,Vlaams Gewest,Province du Brabant flamand,Provincie Vlaams-Brabant,Louvain,Leuven,174313.898549,174686.137622,2,Hors carrefour,Buiten Kruispunt,1,Normales,Normaal,1,Sec,Droog,1,En agglomération,binnen bebouwde kom,1,Jour,Dag,3,Route régionale,Gewestweg,4,Avec blessé(s) leger(s),met lichtgewonden,01,Autobus,Autobus,03,Bicyclette,Fiets,2,Entre 2 conducteurs: Collision frontale,Tussen 2 bestuurders: Frontale botsing,0,Pas d’obstacle,Geen hindernis,50.882027,4.714255
2024,06,16,24062,Région flamande,Vlaams Gewest,Province du Brabant flamand,Provincie Vlaams-Brabant,Louvain,Leuven,173292.701048,174722.090839,2,Hors carrefour,Buiten Kruispunt,1,Normales,Normaal,1,Sec,Droog,1,En agglomération,binnen bebouwde kom,1,Jour,Dag,2,Route communale,Gemeenteweg,4,Avec blessé(s) leger(s),met lichtgewonden,09,Voiture,personenauto,11,usager/obstacle,een weggebruiker tegen een hindernis,7,Usager contre obstacle situé hors chaussée,Weggebruiker tegen hindernis buiten rijbaan,64,Hors chaussée: Mur - construction,Buiten de rijbaan: Muur gebouw,50.882392,4.699746
2024,06,07,24062,Région flamande,Vlaams Gewest,Province du Brabant flamand,Provincie Vlaams-Brabant,Louvain,Leuven,172860.188532,174525.862998,1,Carrefour,Op Kruispunt,1,Normales,Normaal,1,Sec,Droog,1,En agglomération,binnen bebouwde kom,1,Jour,Dag,2,Route communale,Gemeenteweg,4,Avec blessé(s) leger(s),met lichtgewonden,03,Bicyclette,Fiets,01,Autobus,Autobus,4,Entre 2 conducteurs: Par le côté (avant/derrière-flanc),Tss. 2 best.: langs opzij (voor-/achterkant-flank),0,Pas d’obstacle,Geen hindernis,50.880645,4.693588
2024,06,02,24062,Région flamande,Vlaams Gewest,Province du Brabant flamand,Provincie Vlaams-Brabant,Louvain,Leuven,174530.594101,174702.159574,1,Carrefour,Op Kruispunt,1,Normales,Normaal,1,Sec,Droog,1,En agglomération,binnen bebouwde kom,3,Nuit, éclairage public présent et allumé,Nacht, openbare verlichting aanwezig en ontstoken,3,Route régionale,Gewestweg,4,Avec blessé(s) leger(s),met lichtgewonden,06,Cyclomoteur,Bromfiets,11,usager/obstacle,een weggebruiker tegen een hindernis,6,Usager contre obstacle situé sur la chaussée,Weggebruiker tegen hindernis op de rijbaan,71,50.882162,4.717335
2024,06,19,24062,Région flamande,Vlaams Gewest,Province du Brabant flamand,Provincie Vlaams-Brabant,Louvain,Leuven,173796.249717,175328.516310,1,Carrefour,Op Kruispunt,1,Normales,Normaal,1,Sec,Droog,1,En agglomération,binnen bebouwde kom,1,Jour,Dag,3,Route régionale,Gewestweg,4,Avec blessé(s) leger(s),met lichtgewonden,09,Voiture,personenauto,03,Bicyclette,Fiets,4,Entre 2 conducteurs: Par le côté (avant/derrière-flanc),Tss. 2 best.: langs opzij (voor-/achterkant-flank),0,Pas d’obstacle,Geen hindernis,50.887823,4.706941
2024,06,07,24062,Région flamande,Vlaams Gewest,Province du Brabant flamand,Provincie Vlaams-Brabant,Louvain,Leuven,172335.390708,172345.454293,1,Carrefour,Op Kruispunt,1,Normales,Normaal,1,Sec,Droog,1,En agglomération,binnen bebouwde kom,1,Jour,Dag,2,Route communale,Gemeenteweg,4,Avec blessé(s) leger(s),met lichtgewonden,03,Bicyclette,Fiets,09,Voiture,personenauto,4,Entre 2 conducteurs: Par le côté (avant/derrière-flanc),Tss. 2 best.: langs opzij (voor-/achterkant-flank),0,Pas d’obstacle,Geen hindernis,50.861065,4.685998
2024,06,16,24062,Région flamande,Vlaams Gewest,Province du Brabant flamand,Provincie Vlaams-Brabant,Louvain,Leuven,172717.405684,174361.782294,1,Carrefour,Op Kruispunt,1,Normales,Normaal,1,Sec,Droog,1,En agglomération,binnen bebouwde kom,1,Jour,Dag,2,Route communale,Gemeenteweg,3,Avec blessé(s) grave(s),met zwaargewonden,99,inconnu,onbekend,99,inconnu,onbekend,9,Autre ou inconnu,Andere of onbekend,-3,Présence d'obstacle non mentionnée,Geen vermelding van de aanwezigheid van een hindernis,50.879176,4.691549
2024,06,18,24062,Région flamande,Vlaams Gewest,Province du Brabant flamand,Provincie Vlaams-Brabant,Louvain,Leuven,173201.077684,174434.782294,1,Carrefour,Op Kruispunt,1,Normales,Normaal,1,Sec,Droog,1,En agglomération,binnen bebouwde kom,1,Jour,Dag,2,Route communale,Gemeenteweg,4,Avec blessé(s) leger(s),met lichtgewonden,06,Cyclomoteur,Bromfiets,03,Bicyclette,Fiets,4,Entre 2 conducteurs: Par le côté (avant/derrière-flanc),Tss. 2 best.: langs opzij (voor-/achterkant-flank),0,Pas d’obstacle,Geen hindernis,50.879813,4.698426
2024,06,19,24062,Région flamande,Vlaams Gewest,Province du Brabant flamand,Provincie Vlaams-Brabant,Louvain,Leuven,175465.686358,176224.188392,2,Hors carrefour,Buiten Kruispunt,1,Normales,Normaal,1,Sec,Droog,1,En agglomération,binnen bebouwde kom,1,Jour,Dag,2,Route communale,Gemeenteweg,4,Avec blessé(s) leger(s),met lichtgewonden,09,Voiture,personenauto,11,usager/obstacle,een weggebruiker tegen een hindernis,7,Usager contre obstacle situé hors chaussée,Weggebruiker tegen hindernis buiten rijbaan,64,Hors chaussée: Mur - construction,Buiten de rijbaan: Muur gebouw,50.895803,4.730728
2024,06,09,24062,Région flamande,Vlaams Gewest,Province du Brabant flamand,Provincie Vlaams-Brabant,Louvain,Leuven,172744.062450,172763.444950,2,Hors carrefour,Buiten Kruispunt,1,Normales,Normaal,1,Sec,Droog,1,En agglomération,binnen bebouwde kom,1,Jour,Dag,2,Route communale,Gemeenteweg,4,Avec blessé(s) leger(s),met lichtgewonden,03,Bicyclette,Fiets,08,Piéton,Voetganger,5,Avec un piéton,Met een voetganger,0,Pas d’obstacle,Geen hindernis,50.864807,4.691829
2024,06,18,24062,Région flamande,Vlaams Gewest,Province du Brabant flamand,Provincie Vlaams-Brabant,Louvain,Leuven,173849.393581,173223.460568,2,Hors carrefour,Buiten Kruispunt,1,Normales,Normaal,4,Propre,Proper,1,En agglomération,binnen bebouwde kom,1,Jour,Dag,3,Route régionale,Gewestweg,4,Avec blessé(s) leger(s),met lichtgewonden,03,Bicyclette,Fiets,03,Bicyclette,Fiets,2,Entre 2 conducteurs: Collision frontale,Tussen 2 bestuurders: Frontale botsing,0,Pas d’obstacle,Geen hindernis,50.868897,4.707559
2024,06,13,24062,Région flamande,Vlaams Gewest,Province du Brabant flamand,Provincie Vlaams-Brabant,Louvain,Leuven,173196.387700,173166.751253,1,Carrefour,Op Kruispunt,1,Normales,Normaal,1,Sec,Droog,1,En agglomération,binnen bebouwde kom,1,Jour,Dag,3,Route régionale,Gewestweg,4,Avec blessé(s) leger(s),met lichtgewonden,05,Camionnette,Lichte vrachtauto,03,Bicyclette,Fiets,A,Entre 2 conducteurs: Flanc contre flanc,Tussen 2 bestuurders: Flank tegen flank,0,Pas d’obstacle,Geen hindernis,50.868414,4.698279
2024,06,19,24028,Région flamande,Vlaams Gewest,Province du Brabant flamand,Provincie Vlaams-Brabant,Geetbets,Geetbets,206760.101662,177107.132865,2,Hors carrefour,Buiten Kruispunt,1,Normales,Normaal,1,Sec,Droog,2,Hors agglomération,buiten bebouwde kom,1,Jour,Dag,3,Route régionale,Gewestweg,4,Avec blessé(s) leger(s),met lichtgewonden,05,Camionnette,Lichte vrachtauto,05,Camionnette,Lichte vrachtauto,4,Entre 2 conducteurs: Par le côté (avant/derrière-flanc),Tss. 2 best.: langs opzij (voor-/achterkant-flank),0,Pas d’obstacle,Geen hindernis,50.901523,5.175666
2024,06,18,24135,Région flamande,Vlaams Gewest,Province du Brabant flamand,Provincie Vlaams-Brabant,Tielt-Winge,Tielt-Winge,184135.632697,179183.789273,1,Carrefour,Op Kruispunt,1,Normales,Normaal,1,Sec,Droog,2,Hors agglomération,buiten bebouwde kom,1,Jour,Dag,3,Route régionale,Gewestweg,4,Avec blessé(s) leger(s),met lichtgewonden,03,Bicyclette,Fiets,10,usager seul,één bestuurder, geen hindernis,8,Un seul usager, pas d'obstacle (chute incl.),Eén bestuurder, geen hindernis (incl. val),50.921962,4.854237
2024,06,12,24008,Région flamande,Vlaams Gewest,Province du Brabant flamand,Provincie Vlaams-Brabant,Bekkevoort,Bekkevoort,190215.232699,177206.188313,1,Carrefour,Op Kruispunt,1,Normales,Normaal,1,Sec,Droog,2,Hors agglomération,buiten bebouwde kom,1,Jour,Dag,2,Route communale,Gemeenteweg,4,Avec blessé(s) leger(s),met lichtgewonden,09,Voiture,personenauto,03,Bicyclette,Fiets,4,Entre 2 conducteurs: Par le côté (avant/derrière-flanc),Tss. 2 best.: langs opzij (voor-/achterkant-flank),0,Pas d’obstacle,Geen hindernis,50.903796,4.940483
2024,06,20,24135,Région flamande,Vlaams Gewest,Province du Brabant flamand,Provincie Vlaams-Brabant,Tielt-Winge,Tielt-Winge,184448.545784,178547.060077,2,Hors carrefour,Buiten Kruispunt,1,Normales,Normaal,4,Propre,Proper,2,Hors agglomération,buiten bebouwde kom,1,Jour,Dag,3,Route régionale,Gewestweg,4,Avec blessé(s) leger(s),met lichtgewonden,09,Voiture,personenauto,05,Camionnette,Lichte vrachtauto,2,Entre 2 conducteurs: Collision frontale,Tussen 2 bestuurders: Frontale botsing,0,Pas d’obstacle,Geen hindernis,50.91622,4.858628