DT_YEAR_COLLISION,DT_MONTH_COLLISION,DT_TIME,CD_NIS,TX_RGN_COLLISION_FR,TX_RGN_COLLISION_NL,TX_PROV_COLLISION_FR,TX_PROV_COLLISION_NL,TX_MUNTY_COLLISION_FR,TX_MUNTY_COLLISION_NL,MS_X_COORD,MS_Y_COORD,CD_CROSSWAY,TX_CROSSWAY_FR,TX_CROSSWAY_NL,CD_WEATHER,TX_WEATHER_FR,TX_WEATHER_NL,CD_ROAD_CONDITION,TX_ROAD_CONDITION_FR,TX_ROAD_CONDITION_NL,CD_BUILD_UP_AREA,TX_BUILD_UP_AREA_FR,TX_BUILD_UP_AREA_NL,CD_LIGHT_CONDITION,TX_LIGHT_CONDITION_FR,TX_LIGHT_CONDITION_NL,CD_ROAD_TYPE,CD_ROAD_TYPE_FR,CD_ROAD_TYPE_NL,CD_CLASS_ACCIDENTS,TX_CLASS_ACCIDENTS_FR,TX_CLASS_ACCIDENTS_NL,CD_ROAD_USR_TYPE1,TX_ROAD_USR_TYPE1_FR,TX_ROAD_USR_TYPE1_NL,CD_ROAD_USR_TYPE2,TX_ROAD_USR_TYPE2_FR,TX_ROAD_USR_TYPE2_NL,CD_COLLISION_TYPE,TX_COLLISON_TYPE_FR,TX_COLLISION_TYPE_NL,CD_OBSTACLES,TX_OBSTACLES_FR,TX_OBSTACLES_NL,LAT,LON
2024,06,07,12025,Région flamande,Vlaams Gewest,Province d’Anvers,Provincie Antwerpen,Malines,Mechelen,160340.338042,188381.551786,2,Hors carrefour,Buiten Kruispunt,1,Normales,Normaal,1,Sec,Droog,1,En agglomération,binnen bebouwde kom,2,Aube, crépuscule,Dageraad - schemering,2,Route communale,Gemeenteweg,4,Avec blessé(s) leger(s),met lichtgewonden,04,Camion,Vrachtwagen,03,Bicyclette,Fiets,3,Entre 2 conducteurs: Par l'arrière,Tussen 2 bestuurders: Langs achteren,0,Pas d’obstacle,51.005556,4.516078
2024,06,20,12040,Région flamande,Vlaams Gewest,Province d’Anvers,Provincie Antwerpen,Willebroek,Willebroek,149263.708116,191403.796095,2,Hors carrefour,Buiten Kruispunt,1,Normales,Normaal,1,Sec,Droog,1,En agglomération,binnen bebouwde kom,1,Jour,Dag,2,Route communale,Gemeenteweg,4,Avec blessé(s) leger(s),met lichtgewonden,04,Camion,Vrachtwagen,06,Cyclomoteur,Bromfiets,A,Entre 2 conducteurs: Flanc contre flanc,Tussen 2 bestuurders: Flank tegen flank,0,Pas d’obstacle,Geen hindernis,51.032815,4.358259
2024,06,10,24062,Région flamande,Vlaams Gewest,Province du Brabant flamand,Provincie Vlaams-Brabant,Louvain,Leuven,173975.624693,174064.188310,1,Carrefour,Op Kruispunt,9,Inconnues, indéterminées,Onbekend,9,Inconnu, indéterminé,Onbekend,1,En agglomération,binnen bebouwde kom,1,Jour,Dag,2,Route communale,Gemeenteweg,4,Avec blessé(s) leger(s),met lichtgewonden,99,inconnu,onbekend,09,Voiture,personenauto,2,Entre 2 conducteurs: Collision frontale,Tussen 2 bestuurders: Frontale botsing,0,50.87645,4.709407
2024,06,14,12040,Région flamande,Vlaams Gewest,Province d’Anvers,Provincie Antwerpen,Willebroek,Willebroek,148569.650696,194801.958606,2,Hors carrefour,Buiten Kruispunt,9,Inconnues, indéterminées,Onbekend,9,Inconnu, indéterminé,Onbekend,1,En agglomération,binnen bebouwde kom,1,Jour,Dag,2,Route communale,Gemeenteweg,4,Avec blessé(s) leger(s),met lichtgewonden,99,inconnu,onbekend,99,inconnu,onbekend,0,Type de collision non mentionné,Geen vermelding van de type aanrijding,-1,51.06336,4.348351
2024,06,17,12025,Région flamande,Vlaams Gewest,Province d’Anvers,Provincie Antwerpen,Malines,Mechelen,157767.030245,191470.197234,2,Hors carrefour,Buiten Kruispunt,1,Normales,Normaal,1,Sec,Droog,1,En agglomération,binnen bebouwde kom,1,Jour,Dag,2,Route communale,Gemeenteweg,4,Avec blessé(s) leger(s),met lichtgewonden,99,inconnu,onbekend,99,inconnu,onbekend,0,Type de collision non mentionné,Geen vermelding van de type aanrijding,-1,Type de collision non mentionné,Geen vermelding van de type aanrijding,51.03336,4.479481
2024,06,11,12007,Région flamande,Vlaams Gewest,Province d’Anvers,Provincie Antwerpen,Bornem,Bornem,140490.950699,198431.140252,1,Carrefour,Op Kruispunt,2,Pluie,Regenval,2,Humide, mouillé, flaques,Nat, plassen,1,En agglomération,binnen bebouwde kom,1,Jour,Dag,3,Route régionale,Gewestweg,4,Avec blessé(s) leger(s),met lichtgewonden,99,inconnu,onbekend,99,inconnu,onbekend,9,Autre ou inconnu,Andere of onbekend,51.095907,4.233014
2024,06,08,12025,Région flamande,Vlaams Gewest,Province d’Anvers,Provincie Antwerpen,Malines,Mechelen,157398.574639,190508.926974,2,Hors carrefour,Buiten Kruispunt,1,Normales,Normaal,1,Sec,Droog,1,En agglomération,binnen bebouwde kom,1,Jour,Dag,2,Route communale,Gemeenteweg,4,Avec blessé(s) leger(s),met lichtgewonden,03,Bicyclette,Fiets,06,Cyclomoteur,Bromfiets,3,Entre 2 conducteurs: Par l'arrière,Tussen 2 bestuurders: Langs achteren,0,Pas d’obstacle,Geen hindernis,51.024724,4.474209
2024,06,16,12041,Région flamande,Vlaams Gewest,Province d’Anvers,Provincie Antwerpen,Puurs-Sint-Amands,Puurs-Sint-Amands,,,1,Carrefour,Op Kruispunt,1,Normales,Normaal,1,Sec,Droog,2,Hors agglomération,buiten bebouwde kom,1,Jour,Dag,3,Route régionale,Gewestweg,4,Avec blessé(s) leger(s),met lichtgewonden,09,Voiture,personenauto,09,Voiture,personenauto,4,Entre 2 conducteurs: Par le côté (avant/derrière-flanc),Tss. 2 best.: langs opzij (voor-/achterkant-flank),0,Pas d’obstacle,Geen hindernis,,
2024,06,17,12025,Région flamande,Vlaams Gewest,Province d’Anvers,Provincie Antwerpen,Malines,Mechelen,151109.530734,191035.751258,1,Carrefour,Op Kruispunt,1,Normales,Normaal,1,Sec,Droog,2,Hors agglomération,buiten bebouwde kom,1,Jour,Dag,2,Route communale,Gemeenteweg,4,Avec blessé(s) leger(s),met lichtgewonden,05,Camionnette,Lichte vrachtauto,07,Motocyclette,Motorfiets,4,Entre 2 conducteurs: Par le côté (avant/derrière-flanc),Tss. 2 best.: langs opzij (voor-/achterkant-flank),0,Pas d’obstacle,Geen hindernis,51.029506,4.384571
2024,06,18,12007,Région flamande,Vlaams Gewest,Province d’Anvers,Provincie Antwerpen,Bornem,Bornem,140651.144747,199555.980252,1,Carrefour,Op Kruispunt,2,Pluie,Regenval,2,Humide, mouillé, flaques,Nat, plassen,2,Hors agglomération,buiten bebouwde kom,1,Jour,Dag,3,Route régionale,Gewestweg,3,Avec blessé(s) grave(s),met zwaargewonden,09,Voiture,personenauto,03,Bicyclette,Fiets,4,Entre 2 conducteurs: Par le côté (avant/derrière-flanc),Tss. 2 best.: langs opzij (voor-/achterkant-flank),51.10602,4.235272
2024,06,12,12007,Région flamande,Vlaams Gewest,Province d’Anvers,Provincie Antwerpen,Bornem,Bornem,140672.364715,199029.894300,2,Hors carrefour,Buiten Kruispunt,2,Pluie,Regenval,2,Humide, mouillé, flaques,Nat, plassen,1,En agglomération,binnen bebouwde kom,1,Jour,Dag,2,Route communale,Gemeenteweg,4,Avec blessé(s) leger(s),met lichtgewonden,06,Cyclomoteur,Bromfiets,09,Voiture,personenauto,4,Entre 2 conducteurs: Par le côté (avant/derrière-flanc),Tss. 2 best.: langs opzij (voor-/achterkant-flank),51.101292,4.235588
2024,06,18,12040,Région flamande,Vlaams Gewest,Province d’Anvers,Provincie Antwerpen,Willebroek,Willebroek,149414.121438,194494.021033,2,Hors carrefour,Buiten Kruispunt,1,Normales,Normaal,1,Sec,Droog,1,En agglomération,binnen bebouwde kom,1,Jour,Dag,3,Route régionale,Gewestweg,4,Avec blessé(s) leger(s),met lichtgewonden,09,Voiture,personenauto,03,Bicyclette,Fiets,4,Entre 2 conducteurs: Par le côté (avant/derrière-flanc),Tss. 2 best.: langs opzij (voor-/achterkant-flank),0,Pas d’obstacle,Geen hindernis,51.060593,4.360398
2024,06,15,12025,Région flamande,Vlaams Gewest,Province d’Anvers,Provincie Antwerpen,Malines,Mechelen,,,2,Hors carrefour,Buiten Kruispunt,1,Normales,Normaal,1,Sec,Droog,2,Hors agglomération,buiten bebouwde kom,1,Jour,Dag,1,Autoroute,Autosnelweg,4,Avec blessé(s) leger(s),met lichtgewonden,07,Motocyclette,Motorfiets,09,Voiture,personenauto,3,Entre 2 conducteurs: Par l'arrière,Tussen 2 bestuurders: Langs achteren,0,Pas d’obstacle,Geen hindernis,,
2024,06,14,12007,Région flamande,Vlaams Gewest,Province d’Anvers,Provincie Antwerpen,Bornem,Bornem,141534.106731,198978.279260,1,Carrefour,Op Kruispunt,1,Normales,Normaal,1,Sec,Droog,2,Hors agglomération,buiten bebouwde kom,1,Jour,Dag,3,Route régionale,Gewestweg,4,Avec blessé(s) leger(s),met lichtgewonden,03,Bicyclette,Fiets,03,Bicyclette,Fiets,2,Entre 2 conducteurs: Collision frontale,Tussen 2 bestuurders: Frontale botsing,0,Pas d’obstacle,Geen hindernis,51.100841,4.247892
2024,06,16,12007,Région flamande,Vlaams Gewest,Province d’Anvers,Provincie Antwerpen,Bornem,Bornem,141812.612596,199070.328954,2,Hors carrefour,Buiten Kruispunt,9,Inconnues, indéterminées,Onbekend,9,Inconnu, indéterminé,Onbekend,9,inconnu,onbekend,1,Jour,Dag,2,Route communale,Gemeenteweg,4,Avec blessé(s) leger(s),met lichtgewonden,99,inconnu,onbekend,99,inconnu,onbekend,0,Type de collision non mentionné,Geen vermelding van de type aanrijding,-1,51.101672,4.251866
2024,06,07,12041,Région flamande,Vlaams Gewest,Province d’Anvers,Provincie Antwerpen,Puurs-Sint-Amands,Puurs-Sint-Amands,,,2,Hors carrefour,Buiten Kruispunt,1,Normales,Normaal,1,Sec,Droog,1,En agglomération,binnen bebouwde kom,2,Aube, crépuscule,Dageraad - schemering,2,Route communale,Gemeenteweg,4,Avec blessé(s) leger(s),met lichtgewonden,99,inconnu,onbekend,99,inconnu,onbekend,0,Type de collision non mentionné,Geen vermelding van de type aanrijding,-1,Type de collision non mentionné,,
2024,06,17,12025,Région flamande,Vlaams Gewest,Province d’Anvers,Provincie Antwerpen,Malines,Mechelen,155521.268084,192355.011885,2,Hors carrefour,Buiten Kruispunt,1,Normales,Normaal,1,Sec,Droog,2,Hors agglomération,buiten bebouwde kom,1,Jour,Dag,3,Route régionale,Gewestweg,4,Avec blessé(s) leger(s),met lichtgewonden,09,Voiture,personenauto,09,Voiture,personenauto,A,Entre 2 conducteurs: Flanc contre flanc,Tussen 2 bestuurders: Flank tegen flank,0,Pas d’obstacle,Geen hindernis,51.04134,4.447479
2024,06,08,12041,Région flamande,Vlaams Gewest,Province d’Anvers,Provincie Antwerpen,Puurs-Sint-Amands,Puurs-Sint-Amands,144824.028588,195947.898267,1,Carrefour,Op Kruispunt,1,Normales,Normaal,1,Sec,Droog,1,En agglomération,binnen bebouwde kom,1,Jour,Dag,3,Route régionale,Gewestweg,4,Avec blessé(s) leger(s),met lichtgewonden,03,Bicyclette,Fiets,09,Voiture,personenauto,4,Entre 2 conducteurs: Par le côté (avant/derrière-flanc),Tss. 2 best.: langs opzij (voor-/achterkant-flank),0,Pas d’obstacle,Geen hindernis,51.07364,4.294904
2024,06,20,12025,Région flamande,Vlaams Gewest,Province d’Anvers,Provincie Antwerpen,Malines,Mechelen,157653.952688,190653.891291,1,Carrefour,Op Kruispunt,1,Normales,Normaal,1,Sec,Droog,1,En agglomération,binnen bebouwde kom,1,Jour,Dag,2,Route communale,Gemeenteweg,4,Avec blessé(s) leger(s),met lichtgewonden,08,Piéton,Voetganger,09,Voiture,personenauto,5,Avec un piéton,Met een voetganger,0,Pas d’obstacle,Geen hindernis,51.026024,4.477852
2024,06,16,12025,Région flamande,Vlaams Gewest,Province d’Anvers,Provincie Antwerpen,Malines,Mechelen,157653.202737,192770.635291,1,Carrefour,Op Kruispunt,1,Normales,Normaal,1,Sec,Droog,1,En agglomération,binnen bebouwde kom,1,Jour,Dag,3,Route régionale,Gewestweg,4,Avec blessé(s) leger(s),met lichtgewonden,03,Bicyclette,Fiets,09,Voiture,personenauto,4,Entre 2 conducteurs: Par le côté (avant/derrière-flanc),Tss. 2 best.: langs opzij (voor-/achterkant-flank),0,Pas d’obstacle,Geen hindernis,51.045051,4.477886
2024,06,15,12025,Région flamande,Vlaams Gewest,Province d’Anvers,Provincie Antwerpen,Malines,Mechelen,158852.382661,191971.472223,2,Hors carrefour,Buiten Kruispunt,1,Normales,Normaal,1,Sec,Droog,1,En agglomération,binnen bebouwde kom,1,Jour,Dag,2,Route communale,Gemeenteweg,4,Avec blessé(s) leger(s),met lichtgewonden,99,inconnu,onbekend,10,usager seul,één bestuurder, geen hindernis,8,Un seul usager, pas d'obstacle (chute incl.),Eén bestuurder, geen hindernis (incl. val),51.03785,4.494966
2024,06,05,12040,Région flamande,Vlaams Gewest,Province d’Anvers,Provincie Antwerpen,Willebroek,Willebroek,149051.272051,192576.544515,2,Hors carrefour,Buiten Kruispunt,1,Normales,Normaal,1,Sec,Droog,2,Hors agglomération,buiten bebouwde kom,1,Jour,Dag,3,Route régionale,Gewestweg,4,Avec blessé(s) leger(s),met lichtgewonden,09,Voiture,personenauto,11,usager/obstacle,een weggebruiker tegen een hindernis,7,Usager contre obstacle situé hors chaussée,Weggebruiker tegen hindernis buiten rijbaan,65,Hors chaussée: Clôture,Buiten de rijbaan: Omheining,51.043357,4.355227
2024,06,14,12025,Région flamande,Vlaams Gewest,Province d’Anvers,Provincie Antwerpen,Malines,Mechelen,158805.980788,192819.436062,2,Hors carrefour,Buiten Kruispunt,1,Normales,Normaal,1,Sec,Droog,2,Hors agglomération,buiten bebouwde kom,1,Jour,Dag,2,Route communale,Gemeenteweg,4,Avec blessé(s) leger(s),met lichtgewonden,03,Bicyclette,Fiets,03,Bicyclette,Fiets,A,Entre 2 conducteurs: Flanc contre flanc,Tussen 2 bestuurders: Flank tegen flank,0,Pas d’obstacle,Geen hindernis,51.045473,4.494325
2024,06,13,12040,Région flamande,Vlaams Gewest,Province d’Anvers,Provincie Antwerpen,Willebroek,Willebroek,148842.205039,194403.202325,1,Carrefour,Op Kruispunt,1,Normales,Normaal,9,Inconnu, indéterminé,Onbekend,2,Hors agglomération,buiten bebouwde kom,1,Jour,Dag,3,Route régionale,Gewestweg,4,Avec blessé(s) leger(s),met lichtgewonden,09,Voiture,personenauto,09,Voiture,personenauto,4,Entre 2 conducteurs: Par le côté (avant/derrière-flanc),Tss. 2 best.: langs opzij (voor-/achterkant-flank),0,Pas d’obstacle,51.059776,4.352241
2024,05,10,12007,Région flamande,Vlaams Gewest,Province d’Anvers,Provincie Antwerpen,Bornem,Bornem,140501.619781,197549.629887,2,Hors carrefour,Buiten Kruispunt,9,Inconnues, indéterminées,Onbekend,9,Inconnu, indéterminé,Onbekend,1,En agglomération,binnen bebouwde kom,1,Jour,Dag,2,Route communale,Gemeenteweg,4,Avec blessé(s) leger(s),met lichtgewonden,99,inconnu,onbekend,99,inconnu,onbekend,0,Type de collision non mentionné,Geen vermelding van de type aanrijding,-1,51.087983,4.233189
2024,06,16,12007,Région flamande,Vlaams Gewest,Province d’Anvers,Provincie Antwerpen,Bornem,Bornem,139427.211334,200805.046486,2,Hors carrefour,Buiten Kruispunt,1,Normales,Normaal,1,Sec,Droog,2,Hors agglomération,buiten bebouwde kom,1,Jour,Dag,3,Route régionale,Gewestweg,4,Avec blessé(s) leger(s),met lichtgewonden,09,Voiture,personenauto,04,Camion,Vrachtwagen,3,Entre 2 conducteurs: Par l'arrière,Tussen 2 bestuurders: Langs achteren,0,Pas d’obstacle,Geen hindernis,51.117227,4.217761
2024,06,16,12025,Région flamande,Vlaams Gewest,Province d’Anvers,Provincie Antwerpen,Malines,Mechelen,153033.451893,192962.060250,2,Hors carrefour,Buiten Kruispunt,1,Normales,Normaal,1,Sec,Droog,2,Hors agglomération,buiten bebouwde kom,1,Jour,Dag,3,Route régionale,Gewestweg,4,Avec blessé(s) leger(s),met lichtgewonden,06,Cyclomoteur,Bromfiets,09,Voiture,personenauto,4,Entre 2 conducteurs: Par le côté (avant/derrière-flanc),Tss. 2 best.: langs opzij (voor-/achterkant-flank),0,Pas d’obstacle,Geen hindernis,51.046815,4.412012
2024,05,18,12025,Région flamande,Vlaams Gewest,Province d’Anvers,Provincie Antwerpen,Malines,Mechelen,157511.905712,191786.778267,1,Carrefour,Op Kruispunt,1,Normales,Normaal,1,Sec,Droog,1,En agglomération,binnen bebouwde kom,1,Jour,Dag,2,Route communale,Gemeenteweg,4,Avec blessé(s) leger(s),met lichtgewonden,08,Piéton,Voetganger,02,Autres,Andere weggebruiker,5,Avec un piéton,Met een voetganger,-3,Présence d'obstacle non mentionnée,Geen vermelding van de aanwezigheid van een hindernis,51.036209,4.475851
2024,01,12,12025,Région flamande,Vlaams Gewest,Province d’Anvers,Provincie Antwerpen,Malines,Mechelen,,,2,Hors carrefour,Buiten Kruispunt,9,Inconnues, indéterminées,Onbekend,9,Inconnu, indéterminé,Onbekend,9,inconnu,onbekend,1,Jour,Dag,2,Route communale,Gemeenteweg,4,Avec blessé(s) leger(s),met lichtgewonden,03,Bicyclette,Fiets,08,Piéton,Voetganger,5,Avec un piéton,Met een voetganger,0,,
2024,06,05,43010,Région flamande,Vlaams Gewest,Province de Flandre orientale,Provincie Oost-Vlaanderen,Maldegem,Maldegem, 84481.751950,214661.337231,2,Hors carrefour,Buiten Kruispunt,9,Inconnues, indéterminées,Onbekend,9,Inconnu, indéterminé,Onbekend,2,Hors agglomération,buiten bebouwde kom,9,Inconnu, indéterminé,Onbekend,2,Route communale,Gemeenteweg,4,Avec blessé(s) leger(s),met lichtgewonden,05,Camionnette,Lichte vrachtauto,11,usager/obstacle,een weggebruiker tegen een hindernis,7,Usager contre obstacle situé hors chaussée,Weggebruiker tegen hindernis buiten rijbaan,51.238155,3.430605
2024,06,18,43010,Région flamande,Vlaams Gewest,Province de Flandre orientale,Provincie Oost-Vlaanderen,Maldegem,Maldegem, 85710.077830,211322.818995,2,Hors carrefour,Buiten Kruispunt,1,Normales,Normaal,1,Sec,Droog,1,En agglomération,binnen bebouwde kom,1,Jour,Dag,2,Route communale,Gemeenteweg,4,Avec blessé(s) leger(s),met lichtgewonden,09,Voiture,personenauto,09,Voiture,personenauto,A,Entre 2 conducteurs: Flanc contre flanc,Tussen 2 bestuurders: Flank tegen flank,0,Pas d’obstacle,Geen hindernis,51.208288,3.448783
2024,06,01,43010,Région flamande,Vlaams Gewest,Province de Flandre orientale,Provincie Oost-Vlaanderen,Maldegem,Maldegem, 82643.465325,211802.020396,2,Hors carrefour,Buiten Kruispunt,1,Normales,Normaal,1/4,Sec+Propre,Droog+Proper,2,Hors agglomération,buiten bebouwde kom,3,Nuit, éclairage public présent et allumé,Nacht, openbare verlichting aanwezig en ontstoken,2,Route communale,Gemeenteweg,3,Avec blessé(s) grave(s),met zwaargewonden,09,Voiture,personenauto,11,usager/obstacle,een weggebruiker tegen een hindernis,7,Usager contre obstacle situé hors chaussée,Weggebruiker tegen hindernis buiten rijbaan,59,51.212245,3.404817
2024,06,16,44084,Région flamande,Vlaams Gewest,Province de Flandre orientale,Provincie Oost-Vlaanderen,Aalter,Aalter, 85363.471922,199984.423989,2,Hors carrefour,Buiten Kruispunt,1,Normales,Normaal,4,Propre,Proper,2,Hors agglomération,buiten bebouwde kom,1,Jour,Dag,2,Route communale,Gemeenteweg,3,Avec blessé(s) grave(s),met zwaargewonden,03,Bicyclette,Fiets,03,Bicyclette,Fiets,2,Entre 2 conducteurs: Collision frontale,Tussen 2 bestuurders: Frontale botsing,0,Pas d’obstacle,Geen hindernis,51.106341,3.445839
2024,06,16,44084,Région flamande,Vlaams Gewest,Province de Flandre orientale,Provincie Oost-Vlaanderen,Aalter,Aalter, 85651.108460,196981.750806,2,Hors carrefour,Buiten Kruispunt,1,Normales,Normaal,1,Sec,Droog,1,En agglomération,binnen bebouwde kom,1,Jour,Dag,3,Route régionale,Gewestweg,4,Avec blessé(s) leger(s),met lichtgewonden,09,Voiture,personenauto,03,Bicyclette,Fiets,4,Entre 2 conducteurs: Par le côté (avant/derrière-flanc),Tss. 2 best.: langs opzij (voor-/achterkant-flank),0,Pas d’obstacle,Geen hindernis,51.079384,3.450475
2024,06,12,44084,Région flamande,Vlaams Gewest,Province de Flandre orientale,Provincie Oost-Vlaanderen,Aalter,Aalter, 85665.567956,196390.126036,1,Carrefour,Op Kruispunt,1,Normales,Normaal,1,Sec,Droog,2,Hors agglomération,buiten bebouwde kom,1,Jour,Dag,3,Route régionale,Gewestweg,4,Avec blessé(s) leger(s),met lichtgewonden,03,Bicyclette,Fiets,03,Bicyclette,Fiets,4,Entre 2 conducteurs: Par le côté (avant/derrière-flanc),Tss. 2 best.: langs opzij (voor-/achterkant-flank),0,Pas d’obstacle,Geen hindernis,51.074068,3.450786
2024,06,12,44084,Région flamande,Vlaams Gewest,Province de Flandre orientale,Provincie Oost-Vlaanderen,Aalter,Aalter, 88729.869855,196067.999802,2,Hors carrefour,Buiten Kruispunt,1,Normales,Normaal,1,Sec,Droog,2,Hors agglomération,buiten bebouwde kom,1,Jour,Dag,2,Route communale,Gemeenteweg,4,Avec blessé(s) leger(s),met lichtgewonden,03,Bicyclette,Fiets,11,usager/obstacle,een weggebruiker tegen een hindernis,6,Usager contre obstacle situé sur la chaussée,Weggebruiker tegen hindernis op de rijbaan,70,Sur la chaussée: Ralentisseur de trafic, dos d'âne,51.071505,3.49456
2024,06,11,44084,Région flamande,Vlaams Gewest,Province de Flandre orientale,Provincie Oost-Vlaanderen,Aalter,Aalter, 88984.124759,203370.595287,1,Carrefour,Op Kruispunt,1,Normales,Normaal,4,Propre,Proper,2,Hors agglomération,buiten bebouwde kom,1,Jour,Dag,3,Route régionale,Gewestweg,4,Avec blessé(s) leger(s),met lichtgewonden,06,Cyclomoteur,Bromfiets,10,usager seul,één bestuurder, geen hindernis,8,Un seul usager, pas d'obstacle (chute incl.),Eén bestuurder, geen hindernis (incl. val),51.137169,3.496965
2024,06,17,43010,Région flamande,Vlaams Gewest,Province de Flandre orientale,Provincie Oost-Vlaanderen,Maldegem,Maldegem, 86707.983729,210650.366853,2,Hors carrefour,Buiten Kruispunt,1,Normales,Normaal,1,Sec,Droog,1,En agglomération,binnen bebouwde kom,1,Jour,Dag,2,Route communale,Gemeenteweg,4,Avec blessé(s) leger(s),met lichtgewonden,09,Voiture,personenauto,08,Piéton,Voetganger,5,Avec un piéton,Met een voetganger,0,Pas d’obstacle,Geen hindernis,51.202354,3.463179
2024,06,14,44084,Région flamande,Vlaams Gewest,Province de Flandre orientale,Provincie Oost-Vlaanderen,Aalter,Aalter, 85305.349289,197460.131204,2,Hors carrefour,Buiten Kruispunt,9,Inconnues, indéterminées,Onbekend,1,Sec,Droog,1,En agglomération,binnen bebouwde kom,1,Jour,Dag,2,Route communale,Gemeenteweg,3,Avec blessé(s) grave(s),met zwaargewonden,03,Bicyclette,Fiets,10,usager seul,één bestuurder, geen hindernis,8,Un seul usager, pas d'obstacle (chute incl.),Eén bestuurder,51.083646,3.445457
2024,06,20,44083,Région flamande,Vlaams Gewest,Province de Flandre orientale,Provincie Oost-Vlaanderen,Deinze,Deinze, 93086.065159,196575.503366,2,Hors carrefour,Buiten Kruispunt,1,Normales,Normaal,1,Sec,Droog,2,Hors agglomération,buiten bebouwde kom,2,Aube, crépuscule,Dageraad - schemering,2,Route communale,Gemeenteweg,4,Avec blessé(s) leger(s),met lichtgewonden,09,Voiture,personenauto,02,Autres,Andere weggebruiker,2,Entre 2 conducteurs: Collision frontale,Tussen 2 bestuurders: Frontale botsing,0,Pas d’obstacle,51.076511,3.556629
2024,06,20,44084,Région flamande,Vlaams Gewest,Province de Flandre orientale,Provincie Oost-Vlaanderen,Aalter,Aalter, 83512.403113,203405.617600,2,Hors carrefour,Buiten Kruispunt,1,Normales,Normaal,1,Sec,Droog,1,En agglomération,binnen bebouwde kom,1,Jour,Dag,3,Route régionale,Gewestweg,4,Avec blessé(s) leger(s),met lichtgewonden,09,Voiture,personenauto,03,Bicyclette,Fiets,3,Entre 2 conducteurs: Par l'arrière,Tussen 2 bestuurders: Langs achteren,0,Pas d’obstacle,Geen hindernis,51.136881,3.418787
2024,06,16,43010,Région flamande,Vlaams Gewest,Province de Flandre orientale,Provincie Oost-Vlaanderen,Maldegem,Maldegem, 85120.776130,206543.066378,2,Hors carrefour,Buiten Kruispunt,1,Normales,Normaal,1/4,Sec+Propre,Droog+Proper,2,Hors agglomération,buiten bebouwde kom,1,Jour,Dag,3,Route régionale,Gewestweg,4,Avec blessé(s) leger(s),met lichtgewonden,09,Voiture,personenauto,04,Camion,Vrachtwagen,3,Entre 2 conducteurs: Par l'arrière,Tussen 2 bestuurders: Langs achteren,0,Pas d’obstacle,Geen hindernis,51.165262,3.441205
2024,07,10,11009,Région flamande,Vlaams Gewest,Province d’Anvers,Provincie Antwerpen,Brecht,Brecht,167416.000000,226012.000000,2,Hors carrefour,Buiten Kruispunt,1,Normales,Normaal,1,Sec,Droog,2,Hors agglomération,buiten bebouwde kom,1,Jour,Dag,1,Autoroute,Autosnelweg,4,Avec blessé(s) leger(s),met lichtgewonden,07,Motocyclette,Motorfiets,09,Voiture,personenauto,A,Entre 2 conducteurs: Flanc contre flanc,Tussen 2 bestuurders: Flank tegen flank,0,Pas d’obstacle,Geen hindernis,51.343626,4.618698
2024,07,16,11002,Région flamande,Vlaams Gewest,Province d’Anvers,Provincie Antwerpen,Anvers,Antwerpen,155224.000000,210964.000000,2,Hors carrefour,Buiten Kruispunt,1,Normales,Normaal,1,Sec,Droog,2,Hors agglomération,buiten bebouwde kom,1,Jour,Dag,1,Autoroute,Autosnelweg,4,Avec blessé(s) leger(s),met lichtgewonden,09,Voiture,personenauto,09,Voiture,personenauto,1,Collision en chaîne (3 conducteurs ou plus),Kettingbotsing (3 bestuurders of meer),0,Pas d’obstacle,Geen hindernis,51.208613,4.44351
2024,07,06,11001,Région flamande,Vlaams Gewest,Province d’Anvers,Provincie Antwerpen,Aartselaar,Aartselaar,150211.000000,200555.000000,2,Hors carrefour,Buiten Kruispunt,1,Normales,Normaal,1,Sec,Droog,2,Hors agglomération,buiten bebouwde kom,1,Jour,Dag,1,Autoroute,Autosnelweg,4,Avec blessé(s) leger(s),met lichtgewonden,05,Camionnette,Lichte vrachtauto,11,usager/obstacle,een weggebruiker tegen een hindernis,7,Usager contre obstacle situé hors chaussée,Weggebruiker tegen hindernis buiten rijbaan,60,Hors chaussée: Poteau d'éclairage,Buiten de rijbaan: Verlichtingspaal,51.115075,4.371769
2024,07,07,11002,Région flamande,Vlaams Gewest,Province d’Anvers,Provincie Antwerpen,Anvers,Antwerpen,150239.000000,210566.000000,2,Hors carrefour,Buiten Kruispunt,1,Normales,Normaal,1,Sec,Droog,2,Hors agglomération,buiten bebouwde kom,1,Jour,Dag,1,Autoroute,Autosnelweg,4,Avec blessé(s) leger(s),met lichtgewonden,05,Camionnette,Lichte vrachtauto,05,Camionnette,Lichte vrachtauto,1,Collision en chaîne (3 conducteurs ou plus),Kettingbotsing (3 bestuurders of meer),0,Pas d’obstacle,Geen hindernis,51.20506,4.372177
2024,07,00,11002,Région flamande,Vlaams Gewest,Province d’Anvers,Provincie Antwerpen,Anvers,Antwerpen,153246.000000,209085.000000,2,Hors carrefour,Buiten Kruispunt,1,Normales,Normaal,1,Sec,Droog,2,Hors agglomération,buiten bebouwde kom,5,Nuit, éclairage public présent, mais pas allumé,Nacht, openb. verlicht. aanw., maar niet ontstoken,1,Autoroute,Autosnelweg,4,Avec blessé(s) leger(s),met lichtgewonden,09,Voiture,personenauto,09,Voiture,personenauto,A,Entre 2 conducteurs: Flanc contre flanc,51.191738,4.415189
2024,07,15,11002,Région flamande,Vlaams Gewest,Province d’Anvers,Provincie Antwerpen,Anvers,Antwerpen,156439.000000,211421.000000,2,Hors carrefour,Buiten Kruispunt,1,Normales,Normaal,1,Sec,Droog,2,Hors agglomération,buiten bebouwde kom,1,Jour,Dag,1,Autoroute,Autosnelweg,4,Avec blessé(s) leger(s),met lichtgewonden,04,Camion,Vrachtwagen,09,Voiture,personenauto,1,Collision en chaîne (3 conducteurs ou plus),Kettingbotsing (3 bestuurders of meer),0,Pas d’obstacle,Geen hindernis,51.212708,4.460905