DT_YEAR_COLLISION,DT_MONTH_COLLISION,DT_TIME,CD_NIS,TX_RGN_COLLISION_FR,TX_RGN_COLLISION_NL,TX_PROV_COLLISION_FR,TX_PROV_COLLISION_NL,TX_MUNTY_COLLISION_FR,TX_MUNTY_COLLISION_NL,MS_X_COORD,MS_Y_COORD,CD_CROSSWAY,TX_CROSSWAY_FR,TX_CROSSWAY_NL,CD_WEATHER,TX_WEATHER_FR,TX_WEATHER_NL,CD_ROAD_CONDITION,TX_ROAD_CONDITION_FR,TX_ROAD_CONDITION_NL,CD_BUILD_UP_AREA,TX_BUILD_UP_AREA_FR,TX_BUILD_UP_AREA_NL,CD_LIGHT_CONDITION,TX_LIGHT_CONDITION_FR,TX_LIGHT_CONDITION_NL,CD_ROAD_TYPE,CD_ROAD_TYPE_FR,CD_ROAD_TYPE_NL,CD_CLASS_ACCIDENTS,TX_CLASS_ACCIDENTS_FR,TX_CLASS_ACCIDENTS_NL,CD_ROAD_USR_TYPE1,TX_ROAD_USR_TYPE1_FR,TX_ROAD_USR_TYPE1_NL,CD_ROAD_USR_TYPE2,TX_ROAD_USR_TYPE2_FR,TX_ROAD_USR_TYPE2_NL,CD_COLLISION_TYPE,TX_COLLISON_TYPE_FR,TX_COLLISION_TYPE_NL,CD_OBSTACLES,TX_OBSTACLES_FR,TX_OBSTACLES_NL,LAT,LON
2024,07,15,11002,Région flamande,Vlaams Gewest,Province d’Anvers,Provincie Antwerpen,Anvers,Antwerpen,154716.000000,209983.000000,2,Hors carrefour,Buiten Kruispunt,1,Normales,Normaal,1,Sec,Droog,2,Hors agglomération,buiten bebouwde kom,1,Jour,Dag,1,Autoroute,Autosnelweg,4,Avec blessé(s) leger(s),met lichtgewonden,04,Camion,Vrachtwagen,09,Voiture,personenauto,A,Entre 2 conducteurs: Flanc contre flanc,Tussen 2 bestuurders: Flank tegen flank,0,Pas d’obstacle,Geen hindernis,51.1998,4.436228
2024,07,08,11002,Région flamande,Vlaams Gewest,Province d’Anvers,Provincie Antwerpen,Anvers,Antwerpen,,,1,Carrefour,Op Kruispunt,2,Pluie,Regenval,2,Humide, mouillé, flaques,Nat, plassen,2,Hors agglomération,buiten bebouwde kom,1,Jour,Dag,3,Route régionale,Gewestweg,4,Avec blessé(s) leger(s),met lichtgewonden,04,Camion,Vrachtwagen,01,Autobus,Autobus,3,Entre 2 conducteurs: Par l'arrière,Tussen 2 bestuurders: Langs achteren,,
2024,07,09,11002,Région flamande,Vlaams Gewest,Province d’Anvers,Provincie Antwerpen,Anvers,Antwerpen,154716.000000,209983.000000,2,Hors carrefour,Buiten Kruispunt,1,Normales,Normaal,1,Sec,Droog,2,Hors agglomération,buiten bebouwde kom,1,Jour,Dag,1,Autoroute,Autosnelweg,4,Avec blessé(s) leger(s),met lichtgewonden,04,Camion,Vrachtwagen,09,Voiture,personenauto,4,Entre 2 conducteurs: Par le côté (avant/derrière-flanc),Tss. 2 best.: langs opzij (voor-/achterkant-flank),0,Pas d’obstacle,Geen hindernis,51.1998,4.436228
2024,07,20,11037,Région flamande,Vlaams Gewest,Province d’Anvers,Provincie Antwerpen,Rumst,Rumst,155275.000000,197035.000000,2,Hors carrefour,Buiten Kruispunt,2,Pluie,Regenval,2,Humide, mouillé, flaques,Nat, plassen,2,Hors agglomération,buiten bebouwde kom,2,Aube, crépuscule,Dageraad - schemering,1,Autoroute,Autosnelweg,4,Avec blessé(s) leger(s),met lichtgewonden,09,Voiture,personenauto,09,Voiture,personenauto,3,Entre 2 conducteurs: Par l'arrière,51.08341,4.444036
2024,07,04,11052,Région flamande,Vlaams Gewest,Province d’Anvers,Provincie Antwerpen,Wommelgem,Wommelgem,162105.000000,211184.000000,2,Hors carrefour,Buiten Kruispunt,1,Normales,Normaal,1,Sec,Droog,2,Hors agglomération,buiten bebouwde kom,3,Nuit, éclairage public présent et allumé,Nacht, openbare verlichting aanwezig en ontstoken,1,Autoroute,Autosnelweg,4,Avec blessé(s) leger(s),met lichtgewonden,09,Voiture,personenauto,04,Camion,Vrachtwagen,3,Entre 2 conducteurs: Par l'arrière,Tussen 2 bestuurders: Langs achteren,0,51.210487,4.541981
2024,07,14,11002,Région flamande,Vlaams Gewest,Province d’Anvers,Provincie Antwerpen,Anvers,Antwerpen,157946.000000,211174.000000,2,Hors carrefour,Buiten Kruispunt,1,Normales,Normaal,1,Sec,Droog,2,Hors agglomération,buiten bebouwde kom,1,Jour,Dag,1,Autoroute,Autosnelweg,4,Avec blessé(s) leger(s),met lichtgewonden,04,Camion,Vrachtwagen,09,Voiture,personenauto,A,Entre 2 conducteurs: Flanc contre flanc,Tussen 2 bestuurders: Flank tegen flank,0,Pas d’obstacle,Geen hindernis,51.210469,4.482466
2024,07,01,11052,Région flamande,Vlaams Gewest,Province d’Anvers,Provincie Antwerpen,Wommelgem,Wommelgem,159826.000000,211315.000000,2,Hors carrefour,Buiten Kruispunt,1,Normales,Normaal,1,Sec,Droog,2,Hors agglomération,buiten bebouwde kom,3,Nuit, éclairage public présent et allumé,Nacht, openbare verlichting aanwezig en ontstoken,1,Autoroute,Autosnelweg,4,Avec blessé(s) leger(s),met lichtgewonden,09,Voiture,personenauto,05,Camionnette,Lichte vrachtauto,3,Entre 2 conducteurs: Par l'arrière,Tussen 2 bestuurders: Langs achteren,0,51.211708,4.509372
2024,07,15,11054,Région flamande,Vlaams Gewest,Province d’Anvers,Provincie Antwerpen,Zandhoven,Zandhoven,171512.000000,208252.000000,2,Hors carrefour,Buiten Kruispunt,1,Normales,Normaal,4,Propre,Proper,2,Hors agglomération,buiten bebouwde kom,1,Jour,Dag,1,Autoroute,Autosnelweg,3,Avec blessé(s) grave(s),met zwaargewonden,09,Voiture,personenauto,04,Camion,Vrachtwagen,4,Entre 2 conducteurs: Par le côté (avant/derrière-flanc),Tss. 2 best.: langs opzij (voor-/achterkant-flank),0,Pas d’obstacle,Geen hindernis,51.183858,4.676421
2024,07,17,11024,Région flamande,Vlaams Gewest,Province d’Anvers,Provincie Antwerpen,Kontich,Kontich,154906.000000,198368.000000,2,Hors carrefour,Buiten Kruispunt,1,Normales,Normaal,1,Sec,Droog,2,Hors agglomération,buiten bebouwde kom,1,Jour,Dag,1,Autoroute,Autosnelweg,4,Avec blessé(s) leger(s),met lichtgewonden,09,Voiture,personenauto,09,Voiture,personenauto,1,Collision en chaîne (3 conducteurs ou plus),Kettingbotsing (3 bestuurders of meer),0,Pas d’obstacle,Geen hindernis,51.095395,4.438788
2024,07,09,11002,Région flamande,Vlaams Gewest,Province d’Anvers,Provincie Antwerpen,Anvers,Antwerpen,,,2,Hors carrefour,Buiten Kruispunt,2,Pluie,Regenval,2,Humide, mouillé, flaques,Nat, plassen,2,Hors agglomération,buiten bebouwde kom,1,Jour,Dag,1,Autoroute,Autosnelweg,4,Avec blessé(s) leger(s),met lichtgewonden,04,Camion,Vrachtwagen,11,usager/obstacle,een weggebruiker tegen een hindernis,7,Usager contre obstacle situé hors chaussée,Weggebruiker tegen hindernis buiten rijbaan,,
2024,07,15,11002,Région flamande,Vlaams Gewest,Province d’Anvers,Provincie Antwerpen,Anvers,Antwerpen,153406.000000,208936.000000,2,Hors carrefour,Buiten Kruispunt,1,Normales,Normaal,1/4,Sec+Propre,Droog+Proper,2,Hors agglomération,buiten bebouwde kom,1,Jour,Dag,1,Autoroute,Autosnelweg,4,Avec blessé(s) leger(s),met lichtgewonden,09,Voiture,personenauto,04,Camion,Vrachtwagen,4,Entre 2 conducteurs: Par le côté (avant/derrière-flanc),Tss. 2 best.: langs opzij (voor-/achterkant-flank),0,Pas d’obstacle,Geen hindernis,51.190398,4.417476
2024,07,10,11002,Région flamande,Vlaams Gewest,Province d’Anvers,Provincie Antwerpen,Anvers,Antwerpen,149835.000000,211128.000000,2,Hors carrefour,Buiten Kruispunt,1,Normales,Normaal,1,Sec,Droog,2,Hors agglomération,buiten bebouwde kom,1,Jour,Dag,1,Autoroute,Autosnelweg,4,Avec blessé(s) leger(s),met lichtgewonden,09,Voiture,personenauto,04,Camion,Vrachtwagen,A,Entre 2 conducteurs: Flanc contre flanc,Tussen 2 bestuurders: Flank tegen flank,0,Pas d’obstacle,Geen hindernis,51.210111,4.366396
2024,07,15,11002,Région flamande,Vlaams Gewest,Province d’Anvers,Provincie Antwerpen,Anvers,Antwerpen,154998.000000,210632.000000,2,Hors carrefour,Buiten Kruispunt,1,Normales,Normaal,1,Sec,Droog,2,Hors agglomération,buiten bebouwde kom,1,Jour,Dag,1,Autoroute,Autosnelweg,4,Avec blessé(s) leger(s),met lichtgewonden,09,Voiture,personenauto,09,Voiture,personenauto,3,Entre 2 conducteurs: Par l'arrière,Tussen 2 bestuurders: Langs achteren,0,Pas d’obstacle,Geen hindernis,51.205631,4.440272
2024,07,19,11056,Région flamande,Vlaams Gewest,Province d’Anvers,Provincie Antwerpen,Zwijndrecht,Zwijndrecht,147840.000000,213107.000000,2,Hors carrefour,Buiten Kruispunt,1,Normales,Normaal,1/4,Sec+Propre,Droog+Proper,2,Hors agglomération,buiten bebouwde kom,1,Jour,Dag,1,Autoroute,Autosnelweg,4,Avec blessé(s) leger(s),met lichtgewonden,09,Voiture,personenauto,09,Voiture,personenauto,3,Entre 2 conducteurs: Par l'arrière,Tussen 2 bestuurders: Langs achteren,0,Pas d’obstacle,Geen hindernis,51.227895,4.337837
2024,07,18,11002,Région flamande,Vlaams Gewest,Province d’Anvers,Provincie Antwerpen,Anvers,Antwerpen,155524.000000,212787.000000,2,Hors carrefour,Buiten Kruispunt,1,Normales,Normaal,1,Sec,Droog,2,Hors agglomération,buiten bebouwde kom,1,Jour,Dag,1,Autoroute,Autosnelweg,4,Avec blessé(s) leger(s),met lichtgewonden,09,Voiture,personenauto,07,Motocyclette,Motorfiets,A,Entre 2 conducteurs: Flanc contre flanc,Tussen 2 bestuurders: Flank tegen flank,0,Pas d’obstacle,Geen hindernis,51.224996,4.447831
2024,07,12,11002,Région flamande,Vlaams Gewest,Province d’Anvers,Provincie Antwerpen,Anvers,Antwerpen,146088.000000,221806.000000,2,Hors carrefour,Buiten Kruispunt,1,Normales,Normaal,1/4,Sec+Propre,Droog+Proper,2,Hors agglomération,buiten bebouwde kom,1,Jour,Dag,1,Autoroute,Autosnelweg,4,Avec blessé(s) leger(s),met lichtgewonden,09,Voiture,personenauto,09,Voiture,personenauto,3,Entre 2 conducteurs: Par l'arrière,Tussen 2 bestuurders: Langs achteren,0,Pas d’obstacle,Geen hindernis,51.306075,4.312663
2024,07,21,11002,Région flamande,Vlaams Gewest,Province d’Anvers,Provincie Antwerpen,Anvers,Antwerpen,153891.000000,209052.000000,2,Hors carrefour,Buiten Kruispunt,1,Normales,Normaal,1,Sec,Droog,2,Hors agglomération,buiten bebouwde kom,1,Jour,Dag,1,Autoroute,Autosnelweg,1,Avec tué(s),Met doden,07,Motocyclette,Motorfiets,09,Voiture,personenauto,4,Entre 2 conducteurs: Par le côté (avant/derrière-flanc),Tss. 2 best.: langs opzij (voor-/achterkant-flank),0,Pas d’obstacle,Geen hindernis,51.191438,4.424415
2024,07,02,11002,Région flamande,Vlaams Gewest,Province d’Anvers,Provincie Antwerpen,Anvers,Antwerpen,154020.000000,214335.000000,2,Hors carrefour,Buiten Kruispunt,1,Normales,Normaal,1,Sec,Droog,2,Hors agglomération,buiten bebouwde kom,3,Nuit, éclairage public présent et allumé,Nacht, openbare verlichting aanwezig en ontstoken,1,Autoroute,Autosnelweg,4,Avec blessé(s) leger(s),met lichtgewonden,05,Camionnette,Lichte vrachtauto,09,Voiture,personenauto,3,Entre 2 conducteurs: Par l'arrière,Tussen 2 bestuurders: Langs achteren,0,51.238923,4.42632
2024,07,00,11013,Région flamande,Vlaams Gewest,Province d’Anvers,Provincie Antwerpen,Edegem,Edegem,153630.000000,204862.000000,2,Hors carrefour,Buiten Kruispunt,2,Pluie,Regenval,2,Humide, mouillé, flaques,Nat, plassen,2,Hors agglomération,buiten bebouwde kom,3,Nuit, éclairage public présent et allumé,Nacht, openbare verlichting aanwezig en ontstoken,1,Autoroute,Autosnelweg,4,Avec blessé(s) leger(s),met lichtgewonden,09,Voiture,personenauto,09,Voiture,personenauto,A,51.153777,4.420639
2024,07,04,11002,Région flamande,Vlaams Gewest,Province d’Anvers,Provincie Antwerpen,Anvers,Antwerpen,153363.000000,208808.000000,2,Hors carrefour,Buiten Kruispunt,1,Normales,Normaal,1,Sec,Droog,2,Hors agglomération,buiten bebouwde kom,4,Nuit, pas d'éclairage public présent,Nacht, geen openbare verlichting aanwezig,1,Autoroute,Autosnelweg,4,Avec blessé(s) leger(s),met lichtgewonden,09,Voiture,personenauto,11,usager/obstacle,een weggebruiker tegen een hindernis,7,Usager contre obstacle situé hors chaussée,Weggebruiker tegen hindernis buiten rijbaan,63,51.189248,4.41686
2024,07,07,11009,Région flamande,Vlaams Gewest,Province d’Anvers,Provincie Antwerpen,Brecht,Brecht,168584.000000,227640.000000,2,Hors carrefour,Buiten Kruispunt,1,Normales,Normaal,1,Sec,Droog,2,Hors agglomération,buiten bebouwde kom,1,Jour,Dag,1,Autoroute,Autosnelweg,4,Avec blessé(s) leger(s),met lichtgewonden,09,Voiture,personenauto,04,Camion,Vrachtwagen,3,Entre 2 conducteurs: Par l'arrière,Tussen 2 bestuurders: Langs achteren,0,Pas d’obstacle,Geen hindernis,51.358222,4.635544
2024,07,15,11002,Région flamande,Vlaams Gewest,Province d’Anvers,Provincie Antwerpen,Anvers,Antwerpen,,,2,Hors carrefour,Buiten Kruispunt,1,Normales,Normaal,1,Sec,Droog,2,Hors agglomération,buiten bebouwde kom,1,Jour,Dag,1,Autoroute,Autosnelweg,4,Avec blessé(s) leger(s),met lichtgewonden,09,Voiture,personenauto,11,usager/obstacle,een weggebruiker tegen een hindernis,7,Usager contre obstacle situé hors chaussée,Weggebruiker tegen hindernis buiten rijbaan,63,Hors chaussée: Barrière sécurité non franchie,Buiten de rijbaan: Vangrails niet overgestoken,,
2024,07,13,11002,Région flamande,Vlaams Gewest,Province d’Anvers,Provincie Antwerpen,Anvers,Antwerpen,155349.000000,217427.000000,2,Hors carrefour,Buiten Kruispunt,1,Normales,Normaal,1,Sec,Droog,2,Hors agglomération,buiten bebouwde kom,1,Jour,Dag,1,Autoroute,Autosnelweg,4,Avec blessé(s) leger(s),met lichtgewonden,09,Voiture,personenauto,04,Camion,Vrachtwagen,3,Entre 2 conducteurs: Par l'arrière,Tussen 2 bestuurders: Langs achteren,0,Pas d’obstacle,Geen hindernis,51.266703,4.445395
2024,07,05,11002,Région flamande,Vlaams Gewest,Province d’Anvers,Provincie Antwerpen,Anvers,Antwerpen,155062.000000,213311.000000,2,Hors carrefour,Buiten Kruispunt,1,Normales,Normaal,4,Propre,Proper,2,Hors agglomération,buiten bebouwde kom,2,Aube, crépuscule,Dageraad - schemering,1,Autoroute,Autosnelweg,4,Avec blessé(s) leger(s),met lichtgewonden,09,Voiture,personenauto,10,usager seul,één bestuurder, geen hindernis,8,Un seul usager, pas d'obstacle (chute incl.),Eén bestuurder,51.22971,4.441225
2024,07,13,11001,Région flamande,Vlaams Gewest,Province d’Anvers,Provincie Antwerpen,Aartselaar,Aartselaar,150183.000000,200356.000000,2,Hors carrefour,Buiten Kruispunt,2,Pluie,Regenval,2,Humide, mouillé, flaques,Nat, plassen,2,Hors agglomération,buiten bebouwde kom,1,Jour,Dag,1,Autoroute,Autosnelweg,4,Avec blessé(s) leger(s),met lichtgewonden,09,Voiture,personenauto,09,Voiture,personenauto,3,Entre 2 conducteurs: Par l'arrière,Tussen 2 bestuurders: Langs achteren,51.113286,4.371369
2024,07,02,11054,Région flamande,Vlaams Gewest,Province d’Anvers,Provincie Antwerpen,Zandhoven,Zandhoven,169216.000000,209273.000000,2,Hors carrefour,Buiten Kruispunt,1,Normales,Normaal,1,Sec,Droog,2,Hors agglomération,buiten bebouwde kom,3,Nuit, éclairage public présent et allumé,Nacht, openbare verlichting aanwezig en ontstoken,1,Autoroute,Autosnelweg,3,Avec blessé(s) grave(s),met zwaargewonden,07,Motocyclette,Motorfiets,11,usager/obstacle,een weggebruiker tegen een hindernis,7,Usager contre obstacle situé hors chaussée,Weggebruiker tegen hindernis buiten rijbaan,67,51.193116,4.643638
2024,07,15,11037,Région flamande,Vlaams Gewest,Province d’Anvers,Provincie Antwerpen,Rumst,Rumst,155301.000000,196438.000000,2,Hors carrefour,Buiten Kruispunt,1,Normales,Normaal,1,Sec,Droog,2,Hors agglomération,buiten bebouwde kom,1,Jour,Dag,1,Autoroute,Autosnelweg,4,Avec blessé(s) leger(s),met lichtgewonden,04,Camion,Vrachtwagen,09,Voiture,personenauto,4,Entre 2 conducteurs: Par le côté (avant/derrière-flanc),Tss. 2 best.: langs opzij (voor-/achterkant-flank),0,Pas d’obstacle,Geen hindernis,51.078043,4.444399
2024,07,03,11040,Région flamande,Vlaams Gewest,Province d’Anvers,Provincie Antwerpen,Schoten,Schoten,161752.000000,221165.000000,2,Hors carrefour,Buiten Kruispunt,1,Normales,Normaal,2,Humide, mouillé, flaques,Nat, plassen,2,Hors agglomération,buiten bebouwde kom,3,Nuit, éclairage public présent et allumé,Nacht, openbare verlichting aanwezig en ontstoken,1,Autoroute,Autosnelweg,4,Avec blessé(s) leger(s),met lichtgewonden,09,Voiture,personenauto,10,usager seul,één bestuurder, geen hindernis,51.300206,4.537255
2024,07,22,11002,Région flamande,Vlaams Gewest,Province d’Anvers,Provincie Antwerpen,Anvers,Antwerpen,154008.000000,215821.000000,2,Hors carrefour,Buiten Kruispunt,2,Pluie,Regenval,2,Humide, mouillé, flaques,Nat, plassen,2,Hors agglomération,buiten bebouwde kom,3,Nuit, éclairage public présent et allumé,Nacht, openbare verlichting aanwezig en ontstoken,1,Autoroute,Autosnelweg,4,Avec blessé(s) leger(s),met lichtgewonden,04,Camion,Vrachtwagen,09,Voiture,personenauto,A,51.252279,4.426165
2024,07,14,11002,Région flamande,Vlaams Gewest,Province d’Anvers,Provincie Antwerpen,Anvers,Antwerpen,149967.000000,210975.000000,2,Hors carrefour,Buiten Kruispunt,1,Normales,Normaal,1,Sec,Droog,2,Hors agglomération,buiten bebouwde kom,1,Jour,Dag,1,Autoroute,Autosnelweg,4,Avec blessé(s) leger(s),met lichtgewonden,04,Camion,Vrachtwagen,09,Voiture,personenauto,A,Entre 2 conducteurs: Flanc contre flanc,Tussen 2 bestuurders: Flank tegen flank,0,Pas d’obstacle,Geen hindernis,51.208736,4.368285
2024,07,16,11002,Région flamande,Vlaams Gewest,Province d’Anvers,Provincie Antwerpen,Anvers,Antwerpen,154886.000000,210351.000000,2,Hors carrefour,Buiten Kruispunt,1,Normales,Normaal,1/4,Sec+Propre,Droog+Proper,2,Hors agglomération,buiten bebouwde kom,1,Jour,Dag,1,Autoroute,Autosnelweg,4,Avec blessé(s) leger(s),met lichtgewonden,09,Voiture,personenauto,09,Voiture,personenauto,1,Collision en chaîne (3 conducteurs ou plus),Kettingbotsing (3 bestuurders of meer),0,Pas d’obstacle,Geen hindernis,51.203106,4.438666
2024,07,08,11002,Région flamande,Vlaams Gewest,Province d’Anvers,Provincie Antwerpen,Anvers,Antwerpen,,,2,Hors carrefour,Buiten Kruispunt,1,Normales,Normaal,2,Humide, mouillé, flaques,Nat, plassen,2,Hors agglomération,buiten bebouwde kom,1,Jour,Dag,1,Autoroute,Autosnelweg,4,Avec blessé(s) leger(s),met lichtgewonden,04,Camion,Vrachtwagen,11,usager/obstacle,een weggebruiker tegen een hindernis,7,Usager contre obstacle situé hors chaussée,Weggebruiker tegen hindernis buiten rijbaan,,
2024,07,13,11002,Région flamande,Vlaams Gewest,Province d’Anvers,Provincie Antwerpen,Anvers,Antwerpen,155747.000000,212343.000000,2,Hors carrefour,Buiten Kruispunt,1,Normales,Normaal,1,Sec,Droog,2,Hors agglomération,buiten bebouwde kom,1,Jour,Dag,1,Autoroute,Autosnelweg,4,Avec blessé(s) leger(s),met lichtgewonden,04,Camion,Vrachtwagen,09,Voiture,personenauto,4,Entre 2 conducteurs: Par le côté (avant/derrière-flanc),Tss. 2 best.: langs opzij (voor-/achterkant-flank),0,Pas d’obstacle,Geen hindernis,51.221003,4.451016
2024,07,08,11002,Région flamande,Vlaams Gewest,Province d’Anvers,Provincie Antwerpen,Anvers,Antwerpen,153127.000000,206063.000000,2,Hors carrefour,Buiten Kruispunt,1,Normales,Normaal,1/4,Sec+Propre,Droog+Proper,2,Hors agglomération,buiten bebouwde kom,1,Jour,Dag,1,Autoroute,Autosnelweg,4,Avec blessé(s) leger(s),met lichtgewonden,04,Camion,Vrachtwagen,09,Voiture,personenauto,A,Entre 2 conducteurs: Flanc contre flanc,Tussen 2 bestuurders: Flank tegen flank,0,Pas d’obstacle,Geen hindernis,51.164576,4.413461
2024,07,12,13040,Région flamande,Vlaams Gewest,Province d’Anvers,Provincie Antwerpen,Turnhout,Turnhout,190063.000000,221050.000000,2,Hors carrefour,Buiten Kruispunt,1,Normales,Normaal,1,Sec,Droog,2,Hors agglomération,buiten bebouwde kom,1,Jour,Dag,1,Autoroute,Autosnelweg,4,Avec blessé(s) leger(s),met lichtgewonden,09,Voiture,personenauto,11,usager/obstacle,een weggebruiker tegen een hindernis,7,Usager contre obstacle situé hors chaussée,Weggebruiker tegen hindernis buiten rijbaan,59,Hors chaussée: Arbre,Buiten de rijbaan: Boom,51.297897,4.943146
2024,07,16,12025,Région flamande,Vlaams Gewest,Province d’Anvers,Provincie Antwerpen,Malines,Mechelen,155986.000000,193242.000000,2,Hors carrefour,Buiten Kruispunt,1,Normales,Normaal,1/4,Sec+Propre,Droog+Proper,2,Hors agglomération,buiten bebouwde kom,1,Jour,Dag,1,Autoroute,Autosnelweg,4,Avec blessé(s) leger(s),met lichtgewonden,09,Voiture,personenauto,04,Camion,Vrachtwagen,4,Entre 2 conducteurs: Par le côté (avant/derrière-flanc),Tss. 2 best.: langs opzij (voor-/achterkant-flank),0,Pas d’obstacle,Geen hindernis,51.049308,4.45412
2024,07,18,12025,Région flamande,Vlaams Gewest,Province d’Anvers,Provincie Antwerpen,Malines,Mechelen,155749.000000,193792.000000,2,Hors carrefour,Buiten Kruispunt,1,Normales,Normaal,1,Sec,Droog,2,Hors agglomération,buiten bebouwde kom,1,Jour,Dag,1,Autoroute,Autosnelweg,4,Avec blessé(s) leger(s),met lichtgewonden,05,Camionnette,Lichte vrachtauto,09,Voiture,personenauto,1,Collision en chaîne (3 conducteurs ou plus),Kettingbotsing (3 bestuurders of meer),0,Pas d’obstacle,Geen hindernis,51.054254,4.450749
2024,07,07,12025,Région flamande,Vlaams Gewest,Province d’Anvers,Provincie Antwerpen,Malines,Mechelen,155780.000000,189440.000000,2,Hors carrefour,Buiten Kruispunt,1,Normales,Normaal,1,Sec,Droog,2,Hors agglomération,buiten bebouwde kom,1,Jour,Dag,1,Autoroute,Autosnelweg,4,Avec blessé(s) leger(s),met lichtgewonden,09,Voiture,personenauto,09,Voiture,personenauto,3,Entre 2 conducteurs: Par l'arrière,Tussen 2 bestuurders: Langs achteren,0,Pas d’obstacle,Geen hindernis,51.015134,4.451122
2024,07,20,12025,Région flamande,Vlaams Gewest,Province d’Anvers,Provincie Antwerpen,Malines,Mechelen,155671.000000,191780.000000,2,Hors carrefour,Buiten Kruispunt,2,Pluie,Regenval,2,Humide, mouillé, flaques,Nat, plassen,2,Hors agglomération,buiten bebouwde kom,2,Aube, crépuscule,Dageraad - schemering,1,Autoroute,Autosnelweg,4,Avec blessé(s) leger(s),met lichtgewonden,09,Voiture,personenauto,11,usager/obstacle,een weggebruiker tegen een hindernis,7,Usager contre obstacle situé hors chaussée,51.036169,4.449605
2024,07,02,13040,Région flamande,Vlaams Gewest,Province d’Anvers,Provincie Antwerpen,Turnhout,Turnhout,191161.000000,221115.000000,2,Hors carrefour,Buiten Kruispunt,1,Normales,Normaal,1/4,Sec+Propre,Droog+Proper,2,Hors agglomération,buiten bebouwde kom,4,Nuit, pas d'éclairage public présent,Nacht, geen openbare verlichting aanwezig,1,Autoroute,Autosnelweg,3,Avec blessé(s) grave(s),met zwaargewonden,04,Camion,Vrachtwagen,11,usager/obstacle,een weggebruiker tegen een hindernis,7,Usager contre obstacle situé hors chaussée,Weggebruiker tegen hindernis buiten rijbaan,61,51.298403,4.958895
2024,07,09,13021,Région flamande,Vlaams Gewest,Province d’Anvers,Provincie Antwerpen,Meerhout,Meerhout,197112.000000,199450.000000,2,Hors carrefour,Buiten Kruispunt,1,Normales,Normaal,1,Sec,Droog,1,En agglomération,binnen bebouwde kom,1,Jour,Dag,1,Autoroute,Autosnelweg,4,Avec blessé(s) leger(s),met lichtgewonden,05,Camionnette,Lichte vrachtauto,04,Camion,Vrachtwagen,3,Entre 2 conducteurs: Par l'arrière,Tussen 2 bestuurders: Langs achteren,0,Pas d’obstacle,Geen hindernis,51.10322,5.041395
2024,07,04,13019,Région flamande,Vlaams Gewest,Province d’Anvers,Provincie Antwerpen,Lille,Lille,178279.000000,215186.000000,2,Hors carrefour,Buiten Kruispunt,1,Normales,Normaal,1,Sec,Droog,2,Hors agglomération,buiten bebouwde kom,4,Nuit, pas d'éclairage public présent,Nacht, geen openbare verlichting aanwezig,1,Autoroute,Autosnelweg,4,Avec blessé(s) leger(s),met lichtgewonden,09,Voiture,personenauto,11,usager/obstacle,een weggebruiker tegen een hindernis,7,Usager contre obstacle situé hors chaussée,Weggebruiker tegen hindernis buiten rijbaan,62,51.24589,4.773742
2024,07,17,13014,Région flamande,Vlaams Gewest,Province d’Anvers,Provincie Antwerpen,Hoogstraten,Hoogstraten,174301.000000,237419.000000,2,Hors carrefour,Buiten Kruispunt,1,Normales,Normaal,1,Sec,Droog,2,Hors agglomération,buiten bebouwde kom,1,Jour,Dag,1,Autoroute,Autosnelweg,4,Avec blessé(s) leger(s),met lichtgewonden,05,Camionnette,Lichte vrachtauto,11,usager/obstacle,een weggebruiker tegen een hindernis,7,Usager contre obstacle situé hors chaussée,Weggebruiker tegen hindernis buiten rijbaan,61,Hors chaussée: Autre poteau,Buiten de rijbaan: Andere paal,51.445898,4.718276
2024,07,14,73032,Région flamande,Vlaams Gewest,Province de Limbourg,Provincie Limburg,Hoeselt,Hoeselt,226436.000000,175296.000000,2,Hors carrefour,Buiten Kruispunt,1,Normales,Normaal,1,Sec,Droog,2,Hors agglomération,buiten bebouwde kom,1,Jour,Dag,1,Autoroute,Autosnelweg,4,Avec blessé(s) leger(s),met lichtgewonden,09,Voiture,personenauto,04,Camion,Vrachtwagen,4,Entre 2 conducteurs: Par le côté (avant/derrière-flanc),Tss. 2 best.: langs opzij (voor-/achterkant-flank),0,Pas d’obstacle,Geen hindernis,50.882987,5.45497
2024,07,07,71069,Région flamande,Vlaams Gewest,Province de Limbourg,Provincie Limburg,Ham,Ham,203294.000000,197360.000000,2,Hors carrefour,Buiten Kruispunt,1,Normales,Normaal,1,Sec,Droog,2,Hors agglomération,buiten bebouwde kom,1,Jour,Dag,1,Autoroute,Autosnelweg,4,Avec blessé(s) leger(s),met lichtgewonden,09,Voiture,personenauto,09,Voiture,personenauto,A,Entre 2 conducteurs: Flanc contre flanc,Tussen 2 bestuurders: Flank tegen flank,0,Pas d’obstacle,Geen hindernis,51.083898,5.129346
2024,07,14,71037,Région flamande,Vlaams Gewest,Province de Limbourg,Provincie Limburg,Lummen,Lummen,205709.000000,186521.000000,2,Hors carrefour,Buiten Kruispunt,1,Normales,Normaal,1,Sec,Droog,2,Hors agglomération,buiten bebouwde kom,1,Jour,Dag,1,Autoroute,Autosnelweg,4,Avec blessé(s) leger(s),met lichtgewonden,05,Camionnette,Lichte vrachtauto,05,Camionnette,Lichte vrachtauto,4,Entre 2 conducteurs: Par le côté (avant/derrière-flanc),Tss. 2 best.: langs opzij (voor-/achterkant-flank),0,Pas d’obstacle,Geen hindernis,50.986244,5.162155