DT_YEAR_COLLISION,DT_MONTH_COLLISION,DT_TIME,CD_NIS,TX_RGN_COLLISION_FR,TX_RGN_COLLISION_NL,TX_PROV_COLLISION_FR,TX_PROV_COLLISION_NL,TX_MUNTY_COLLISION_FR,TX_MUNTY_COLLISION_NL,MS_X_COORD,MS_Y_COORD,CD_CROSSWAY,TX_CROSSWAY_FR,TX_CROSSWAY_NL,CD_WEATHER,TX_WEATHER_FR,TX_WEATHER_NL,CD_ROAD_CONDITION,TX_ROAD_CONDITION_FR,TX_ROAD_CONDITION_NL,CD_BUILD_UP_AREA,TX_BUILD_UP_AREA_FR,TX_BUILD_UP_AREA_NL,CD_LIGHT_CONDITION,TX_LIGHT_CONDITION_FR,TX_LIGHT_CONDITION_NL,CD_ROAD_TYPE,CD_ROAD_TYPE_FR,CD_ROAD_TYPE_NL,CD_CLASS_ACCIDENTS,TX_CLASS_ACCIDENTS_FR,TX_CLASS_ACCIDENTS_NL,CD_ROAD_USR_TYPE1,TX_ROAD_USR_TYPE1_FR,TX_ROAD_USR_TYPE1_NL,CD_ROAD_USR_TYPE2,TX_ROAD_USR_TYPE2_FR,TX_ROAD_USR_TYPE2_NL,CD_COLLISION_TYPE,TX_COLLISON_TYPE_FR,TX_COLLISION_TYPE_NL,CD_OBSTACLES,TX_OBSTACLES_FR,TX_OBSTACLES_NL,LAT,LON
2024,07,22,73083,Région flamande,Vlaams Gewest,Province de Limbourg,Provincie Limburg,Tongres,Tongeren,229234.000000,160396.000000,2,Hors carrefour,Buiten Kruispunt,1,Normales,Normaal,1,Sec,Droog,2,Hors agglomération,buiten bebouwde kom,3,Nuit, éclairage public présent et allumé,Nacht, openbare verlichting aanwezig en ontstoken,3,Route régionale,Gewestweg,3,Avec blessé(s) grave(s),met zwaargewonden,09,Voiture,personenauto,11,usager/obstacle,een weggebruiker tegen een hindernis,7,Usager contre obstacle situé hors chaussée,Weggebruiker tegen hindernis buiten rijbaan,64,50.748683,5.491523
2024,07,13,73083,Région flamande,Vlaams Gewest,Province de Limbourg,Provincie Limburg,Tongres,Tongeren,226334.000000,165818.000000,2,Hors carrefour,Buiten Kruispunt,1,Normales,Normaal,1,Sec,Droog,2,Hors agglomération,buiten bebouwde kom,1,Jour,Dag,3,Route régionale,Gewestweg,4,Avec blessé(s) leger(s),met lichtgewonden,09,Voiture,personenauto,10,usager seul,één bestuurder, geen hindernis,8,Un seul usager, pas d'obstacle (chute incl.),Eén bestuurder, geen hindernis (incl. val),50.797807,5.451556
2024,07,02,73083,Région flamande,Vlaams Gewest,Province de Limbourg,Provincie Limburg,Tongres,Tongeren,224406.000000,167408.000000,2,Hors carrefour,Buiten Kruispunt,1,Normales,Normaal,1,Sec,Droog,2,Hors agglomération,buiten bebouwde kom,3,Nuit, éclairage public présent et allumé,Nacht, openbare verlichting aanwezig en ontstoken,3,Route régionale,Gewestweg,4,Avec blessé(s) leger(s),met lichtgewonden,09,Voiture,personenauto,11,usager/obstacle,een weggebruiker tegen een hindernis,7,Usager contre obstacle situé hors chaussée,Weggebruiker tegen hindernis buiten rijbaan,59,50.812349,5.424532
2024,07,11,73083,Région flamande,Vlaams Gewest,Province de Limbourg,Provincie Limburg,Tongres,Tongeren,226404.000000,163344.000000,1,Carrefour,Op Kruispunt,1,Normales,Normaal,1,Sec,Droog,1,En agglomération,binnen bebouwde kom,1,Jour,Dag,3,Route régionale,Gewestweg,4,Avec blessé(s) leger(s),met lichtgewonden,09,Voiture,personenauto,03,Bicyclette,Fiets,4,Entre 2 conducteurs: Par le côté (avant/derrière-flanc),Tss. 2 best.: langs opzij (voor-/achterkant-flank),0,Pas d’obstacle,Geen hindernis,50.77556,5.452036
2024,07,16,73083,Région flamande,Vlaams Gewest,Province de Limbourg,Provincie Limburg,Tongres,Tongeren,229785.000000,164726.000000,1,Carrefour,Op Kruispunt,1,Normales,Normaal,1,Sec,Droog,2,Hors agglomération,buiten bebouwde kom,1,Jour,Dag,3,Route régionale,Gewestweg,4,Avec blessé(s) leger(s),met lichtgewonden,09,Voiture,personenauto,09,Voiture,personenauto,4,Entre 2 conducteurs: Par le côté (avant/derrière-flanc),Tss. 2 best.: langs opzij (voor-/achterkant-flank),0,Pas d’obstacle,Geen hindernis,50.787528,5.500265
2024,07,17,73083,Région flamande,Vlaams Gewest,Province de Limbourg,Provincie Limburg,Tongres,Tongeren,227584.000000,164749.000000,1,Carrefour,Op Kruispunt,1,Normales,Normaal,1,Sec,Droog,2,Hors agglomération,buiten bebouwde kom,1,Jour,Dag,2,Route communale,Gemeenteweg,4,Avec blessé(s) leger(s),met lichtgewonden,06,Cyclomoteur,Bromfiets,10,usager seul,één bestuurder, geen hindernis,8,Un seul usager, pas d'obstacle (chute incl.),Eén bestuurder, geen hindernis (incl. val),50.788033,5.46906
2024,07,20,73006,Région flamande,Vlaams Gewest,Province de Limbourg,Provincie Limburg,Bilzen,Bilzen,230744.000000,173761.000000,2,Hors carrefour,Buiten Kruispunt,1,Normales,Normaal,1,Sec,Droog,1,En agglomération,binnen bebouwde kom,1,Jour,Dag,2,Route communale,Gemeenteweg,4,Avec blessé(s) leger(s),met lichtgewonden,99,inconnu,onbekend,10,usager seul,één bestuurder, geen hindernis,8,Un seul usager, pas d'obstacle (chute incl.),Eén bestuurder, geen hindernis (incl. val),50.868607,5.515844
2024,07,00,73066,Région flamande,Vlaams Gewest,Province de Limbourg,Provincie Limburg,Riemst,Riemst,233976.000000,164436.000000,1,Carrefour,Op Kruispunt,1,Normales,Normaal,1,Sec,Droog,1,En agglomération,binnen bebouwde kom,3,Nuit, éclairage public présent et allumé,Nacht, openbare verlichting aanwezig en ontstoken,2,Route communale,Gemeenteweg,3,Avec blessé(s) grave(s),met zwaargewonden,09,Voiture,personenauto,10,usager seul,één bestuurder, geen hindernis,8,Un seul usager, pas d'obstacle (chute incl.),50.784332,5.559626
2024,07,17,73032,Région flamande,Vlaams Gewest,Province de Limbourg,Provincie Limburg,Hoeselt,Hoeselt,228507.000000,170781.000000,1,Carrefour,Op Kruispunt,1,Normales,Normaal,1,Sec,Droog,2,Hors agglomération,buiten bebouwde kom,1,Jour,Dag,3,Route régionale,Gewestweg,4,Avec blessé(s) leger(s),met lichtgewonden,09,Voiture,personenauto,09,Voiture,personenauto,4,Entre 2 conducteurs: Par le côté (avant/derrière-flanc),Tss. 2 best.: langs opzij (voor-/achterkant-flank),0,Pas d’obstacle,Geen hindernis,50.842128,5.483433
2024,07,01,73083,Région flamande,Vlaams Gewest,Province de Limbourg,Provincie Limburg,Tongres,Tongeren,228195.000000,164614.000000,2,Hors carrefour,Buiten Kruispunt,1,Normales,Normaal,1,Sec,Droog,2,Hors agglomération,buiten bebouwde kom,3,Nuit, éclairage public présent et allumé,Nacht, openbare verlichting aanwezig en ontstoken,3,Route régionale,Gewestweg,1,Avec tué(s),Met doden,09,Voiture,personenauto,11,usager/obstacle,een weggebruiker tegen een hindernis,7,Usager contre obstacle situé hors chaussée,Weggebruiker tegen hindernis buiten rijbaan,59,50.786738,5.477695
2024,07,09,73006,Région flamande,Vlaams Gewest,Province de Limbourg,Provincie Limburg,Bilzen,Bilzen,230716.000000,174010.000000,2,Hors carrefour,Buiten Kruispunt,1,Normales,Normaal,1,Sec,Droog,1,En agglomération,binnen bebouwde kom,1,Jour,Dag,3,Route régionale,Gewestweg,3,Avec blessé(s) grave(s),met zwaargewonden,09,Voiture,personenauto,08,Piéton,Voetganger,5,Avec un piéton,Met een voetganger,0,Pas d’obstacle,Geen hindernis,50.870849,5.515501
2024,07,13,73032,Région flamande,Vlaams Gewest,Province de Limbourg,Provincie Limburg,Hoeselt,Hoeselt,227397.000000,168299.000000,1,Carrefour,Op Kruispunt,1,Normales,Normaal,1,Sec,Droog,1,En agglomération,binnen bebouwde kom,1,Jour,Dag,3,Route régionale,Gewestweg,4,Avec blessé(s) leger(s),met lichtgewonden,09,Voiture,personenauto,07,Motocyclette,Motorfiets,2,Entre 2 conducteurs: Collision frontale,Tussen 2 bestuurders: Frontale botsing,0,Pas d’obstacle,Geen hindernis,50.819967,5.467153
2024,07,13,73032,Région flamande,Vlaams Gewest,Province de Limbourg,Provincie Limburg,Hoeselt,Hoeselt,226843.000000,174629.000000,2,Hors carrefour,Buiten Kruispunt,1,Normales,Normaal,1,Sec,Droog,1,En agglomération,binnen bebouwde kom,1,Jour,Dag,2,Route communale,Gemeenteweg,4,Avec blessé(s) leger(s),met lichtgewonden,06,Cyclomoteur,Bromfiets,09,Voiture,personenauto,4,Entre 2 conducteurs: Par le côté (avant/derrière-flanc),Tss. 2 best.: langs opzij (voor-/achterkant-flank),0,Pas d’obstacle,Geen hindernis,50.876938,5.460614
2024,07,11,73006,Région flamande,Vlaams Gewest,Province de Limbourg,Provincie Limburg,Bilzen,Bilzen,233002.000000,176278.000000,1,Carrefour,Op Kruispunt,1,Normales,Normaal,1,Sec,Droog,2,Hors agglomération,buiten bebouwde kom,1,Jour,Dag,2,Route communale,Gemeenteweg,3,Avec blessé(s) grave(s),met zwaargewonden,09,Voiture,personenauto,03,Bicyclette,Fiets,A,Entre 2 conducteurs: Flanc contre flanc,Tussen 2 bestuurders: Flank tegen flank,0,Pas d’obstacle,Geen hindernis,50.890913,5.548485
2024,07,08,73066,Région flamande,Vlaams Gewest,Province de Limbourg,Provincie Limburg,Riemst,Riemst,236101.000000,165664.000000,2,Hors carrefour,Buiten Kruispunt,1,Normales,Normaal,5,Sale (sable, gravier, feuilles,...),Vuil (zand, grint, bladeren,...),2,Hors agglomération,buiten bebouwde kom,1,Jour,Dag,2,Route communale,Gemeenteweg,4,Avec blessé(s) leger(s),met lichtgewonden,03,Bicyclette,Fiets,11,usager/obstacle,een weggebruiker tegen een hindernis,50.79506,5.590042
2024,07,16,73006,Région flamande,Vlaams Gewest,Province de Limbourg,Provincie Limburg,Bilzen,Bilzen,231635.000000,175494.000000,2,Hors carrefour,Buiten Kruispunt,1,Normales,Normaal,1,Sec,Droog,1,En agglomération,binnen bebouwde kom,1,Jour,Dag,3,Route régionale,Gewestweg,4,Avec blessé(s) leger(s),met lichtgewonden,09,Voiture,personenauto,03,Bicyclette,Fiets,2,Entre 2 conducteurs: Collision frontale,Tussen 2 bestuurders: Frontale botsing,0,Pas d’obstacle,Geen hindernis,50.88406,5.528885
2024,07,09,73006,Région flamande,Vlaams Gewest,Province de Limbourg,Provincie Limburg,Bilzen,Bilzen,229410.000000,177641.000000,1,Carrefour,Op Kruispunt,1,Normales,Normaal,1,Sec,Droog,2,Hors agglomération,buiten bebouwde kom,1,Jour,Dag,2,Route communale,Gemeenteweg,4,Avec blessé(s) leger(s),met lichtgewonden,09,Voiture,personenauto,03,Bicyclette,Fiets,4,Entre 2 conducteurs: Par le côté (avant/derrière-flanc),Tss. 2 best.: langs opzij (voor-/achterkant-flank),0,Pas d’obstacle,Geen hindernis,50.903666,5.497734
2024,07,17,73006,Région flamande,Vlaams Gewest,Province de Limbourg,Provincie Limburg,Bilzen,Bilzen,232541.000000,170025.000000,1,Carrefour,Op Kruispunt,1,Normales,Normaal,1,Sec,Droog,2,Hors agglomération,buiten bebouwde kom,1,Jour,Dag,3,Route régionale,Gewestweg,4,Avec blessé(s) leger(s),met lichtgewonden,09,Voiture,personenauto,09,Voiture,personenauto,4,Entre 2 conducteurs: Par le côté (avant/derrière-flanc),Tss. 2 best.: langs opzij (voor-/achterkant-flank),0,Pas d’obstacle,Geen hindernis,50.834774,5.540531
2024,07,12,73032,Région flamande,Vlaams Gewest,Province de Limbourg,Provincie Limburg,Hoeselt,Hoeselt,228196.000000,172938.000000,2,Hors carrefour,Buiten Kruispunt,1,Normales,Normaal,1,Sec,Droog,2,Hors agglomération,buiten bebouwde kom,1,Jour,Dag,2,Route communale,Gemeenteweg,4,Avec blessé(s) leger(s),met lichtgewonden,09,Voiture,personenauto,03,Bicyclette,Fiets,3,Entre 2 conducteurs: Par l'arrière,Tussen 2 bestuurders: Langs achteren,0,Pas d’obstacle,Geen hindernis,50.861558,5.479476
2024,07,10,73109,Région flamande,Vlaams Gewest,Province de Limbourg,Provincie Limburg,Fourons,Voeren,251130.000000,160942.000000,2,Hors carrefour,Buiten Kruispunt,1,Normales,Normaal,1,Sec,Droog,2,Hors agglomération,buiten bebouwde kom,1,Jour,Dag,2,Route communale,Gemeenteweg,4,Avec blessé(s) leger(s),met lichtgewonden,07,Motocyclette,Motorfiets,11,usager/obstacle,een weggebruiker tegen een hindernis,6,Usager contre obstacle situé sur la chaussée,Weggebruiker tegen hindernis op de rijbaan,70,Sur la chaussée: Ralentisseur de trafic, dos d'âne,50.750201,5.801877
2024,07,14,72021,Région flamande,Vlaams Gewest,Province de Limbourg,Provincie Limburg,Maaseik,Maaseik,249394.000000,199523.000000,2,Hors carrefour,Buiten Kruispunt,1,Normales,Normaal,1,Sec,Droog,1,En agglomération,binnen bebouwde kom,1,Jour,Dag,3,Route régionale,Gewestweg,4,Avec blessé(s) leger(s),met lichtgewonden,09,Voiture,personenauto,09,Voiture,personenauto,2,Entre 2 conducteurs: Collision frontale,Tussen 2 bestuurders: Frontale botsing,0,Pas d’obstacle,Geen hindernis,51.097253,5.787734
2024,07,07,72021,Région flamande,Vlaams Gewest,Province de Limbourg,Provincie Limburg,Maaseik,Maaseik,248482.000000,198990.000000,2,Hors carrefour,Buiten Kruispunt,1,Normales,Normaal,1,Sec,Droog,2,Hors agglomération,buiten bebouwde kom,1,Jour,Dag,3,Route régionale,Gewestweg,4,Avec blessé(s) leger(s),met lichtgewonden,01,Autobus,Autobus,04,Camion,Vrachtwagen,3,Entre 2 conducteurs: Par l'arrière,Tussen 2 bestuurders: Langs achteren,0,Pas d’obstacle,Geen hindernis,51.092619,5.774573
2024,07,17,24062,Région flamande,Vlaams Gewest,Province du Brabant flamand,Provincie Vlaams-Brabant,Louvain,Leuven,173335.000000,174803.000000,2,Hors carrefour,Buiten Kruispunt,1,Normales,Normaal,1,Sec,Droog,1,En agglomération,binnen bebouwde kom,1,Jour,Dag,2,Route communale,Gemeenteweg,4,Avec blessé(s) leger(s),met lichtgewonden,03,Bicyclette,Fiets,08,Piéton,Voetganger,5,Avec un piéton,Met een voetganger,0,Pas d’obstacle,Geen hindernis,50.883117,4.700352
2024,07,05,24062,Région flamande,Vlaams Gewest,Province du Brabant flamand,Provincie Vlaams-Brabant,Louvain,Leuven,174106.000000,173446.000000,1,Carrefour,Op Kruispunt,1,Normales,Normaal,1,Sec,Droog,1,En agglomération,binnen bebouwde kom,2,Aube, crépuscule,Dageraad - schemering,3,Route régionale,Gewestweg,4,Avec blessé(s) leger(s),met lichtgewonden,99,inconnu,onbekend,05,Camionnette,Lichte vrachtauto,4,Entre 2 conducteurs: Par le côté (avant/derrière-flanc),Tss. 2 best.: langs opzij (voor-/achterkant-flank),0,Pas d’obstacle,50.870887,4.711219
2024,07,21,24062,Région flamande,Vlaams Gewest,Province du Brabant flamand,Provincie Vlaams-Brabant,Louvain,Leuven,171506.000000,175014.000000,1,Carrefour,Op Kruispunt,1,Normales,Normaal,1,Sec,Droog,1,En agglomération,binnen bebouwde kom,1,Jour,Dag,3,Route régionale,Gewestweg,4,Avec blessé(s) leger(s),met lichtgewonden,09,Voiture,personenauto,09,Voiture,personenauto,2,Entre 2 conducteurs: Collision frontale,Tussen 2 bestuurders: Frontale botsing,0,Pas d’obstacle,Geen hindernis,50.885085,4.674374
2024,07,13,24062,Région flamande,Vlaams Gewest,Province du Brabant flamand,Provincie Vlaams-Brabant,Louvain,Leuven,174570.000000,174592.000000,2,Hors carrefour,Buiten Kruispunt,1,Normales,Normaal,1,Sec,Droog,1,En agglomération,binnen bebouwde kom,1,Jour,Dag,3,Route régionale,Gewestweg,4,Avec blessé(s) leger(s),met lichtgewonden,09,Voiture,personenauto,99,inconnu,onbekend,4,Entre 2 conducteurs: Par le côté (avant/derrière-flanc),Tss. 2 best.: langs opzij (voor-/achterkant-flank),0,Pas d’obstacle,Geen hindernis,50.88117,4.717888
2024,07,18,24062,Région flamande,Vlaams Gewest,Province du Brabant flamand,Provincie Vlaams-Brabant,Louvain,Leuven,172392.000000,172276.000000,2,Hors carrefour,Buiten Kruispunt,1,Normales,Normaal,1,Sec,Droog,1,En agglomération,binnen bebouwde kom,1,Jour,Dag,2,Route communale,Gemeenteweg,4,Avec blessé(s) leger(s),met lichtgewonden,09,Voiture,personenauto,03,Bicyclette,Fiets,4,Entre 2 conducteurs: Par le côté (avant/derrière-flanc),Tss. 2 best.: langs opzij (voor-/achterkant-flank),0,Pas d’obstacle,Geen hindernis,50.860438,4.686798
2024,07,16,24062,Région flamande,Vlaams Gewest,Province du Brabant flamand,Provincie Vlaams-Brabant,Louvain,Leuven,174737.000000,179260.000000,2,Hors carrefour,Buiten Kruispunt,1,Normales,Normaal,1,Sec,Droog,1,En agglomération,binnen bebouwde kom,1,Jour,Dag,3,Route régionale,Gewestweg,4,Avec blessé(s) leger(s),met lichtgewonden,07,Motocyclette,Motorfiets,09,Voiture,personenauto,4,Entre 2 conducteurs: Par le côté (avant/derrière-flanc),Tss. 2 best.: langs opzij (voor-/achterkant-flank),0,Pas d’obstacle,Geen hindernis,50.923124,4.720576
2024,07,18,24062,Région flamande,Vlaams Gewest,Province du Brabant flamand,Provincie Vlaams-Brabant,Louvain,Leuven,173764.000000,174437.000000,2,Hors carrefour,Buiten Kruispunt,1,Normales,Normaal,1,Sec,Droog,1,En agglomération,binnen bebouwde kom,1,Jour,Dag,2,Route communale,Gemeenteweg,4,Avec blessé(s) leger(s),met lichtgewonden,07,Motocyclette,Motorfiets,03,Bicyclette,Fiets,4,Entre 2 conducteurs: Par le côté (avant/derrière-flanc),Tss. 2 best.: langs opzij (voor-/achterkant-flank),0,Pas d’obstacle,Geen hindernis,50.87981,4.706425
2024,07,10,24062,Région flamande,Vlaams Gewest,Province du Brabant flamand,Provincie Vlaams-Brabant,Louvain,Leuven,174566.000000,170619.000000,2,Hors carrefour,Buiten Kruispunt,1,Normales,Normaal,1,Sec,Droog,2,Hors agglomération,buiten bebouwde kom,1,Jour,Dag,3,Route régionale,Gewestweg,4,Avec blessé(s) leger(s),met lichtgewonden,04,Camion,Vrachtwagen,10,usager seul,één bestuurder, geen hindernis,8,Un seul usager, pas d'obstacle (chute incl.),Eén bestuurder, geen hindernis (incl. val),50.845455,4.717565
2024,07,15,24062,Région flamande,Vlaams Gewest,Province du Brabant flamand,Provincie Vlaams-Brabant,Louvain,Leuven,172291.000000,172353.000000,1,Carrefour,Op Kruispunt,1,Normales,Normaal,1,Sec,Droog,1,En agglomération,binnen bebouwde kom,1,Jour,Dag,2,Route communale,Gemeenteweg,4,Avec blessé(s) leger(s),met lichtgewonden,09,Voiture,personenauto,03,Bicyclette,Fiets,4,Entre 2 conducteurs: Par le côté (avant/derrière-flanc),Tss. 2 best.: langs opzij (voor-/achterkant-flank),0,Pas d’obstacle,Geen hindernis,50.861134,4.685368
2024,07,17,24062,Région flamande,Vlaams Gewest,Province du Brabant flamand,Provincie Vlaams-Brabant,Louvain,Leuven,172647.000000,173572.000000,1,Carrefour,Op Kruispunt,1,Normales,Normaal,1,Sec,Droog,1,En agglomération,binnen bebouwde kom,1,Jour,Dag,3,Route régionale,Gewestweg,4,Avec blessé(s) leger(s),met lichtgewonden,03,Bicyclette,Fiets,09,Voiture,personenauto,2,Entre 2 conducteurs: Collision frontale,Tussen 2 bestuurders: Frontale botsing,0,Pas d’obstacle,Geen hindernis,50.872079,4.6905
2024,07,18,24062,Région flamande,Vlaams Gewest,Province du Brabant flamand,Provincie Vlaams-Brabant,Louvain,Leuven,174922.000000,179795.000000,2,Hors carrefour,Buiten Kruispunt,1,Normales,Normaal,1,Sec,Droog,1,En agglomération,binnen bebouwde kom,1,Jour,Dag,3,Route régionale,Gewestweg,4,Avec blessé(s) leger(s),met lichtgewonden,09,Voiture,personenauto,09,Voiture,personenauto,1,Collision en chaîne (3 conducteurs ou plus),Kettingbotsing (3 bestuurders of meer),0,Pas d’obstacle,Geen hindernis,50.927926,4.723243
2024,07,16,24062,Région flamande,Vlaams Gewest,Province du Brabant flamand,Provincie Vlaams-Brabant,Louvain,Leuven,172880.000000,173365.000000,2,Hors carrefour,Buiten Kruispunt,9,Inconnues, indéterminées,Onbekend,4,Propre,Proper,1,En agglomération,binnen bebouwde kom,1,Jour,Dag,3,Route régionale,Gewestweg,3,Avec blessé(s) grave(s),met zwaargewonden,03,Bicyclette,Fiets,10,usager seul,één bestuurder, geen hindernis,8,Un seul usager, pas d'obstacle (chute incl.),Eén bestuurder,50.870209,4.693797
2024,07,21,24062,Région flamande,Vlaams Gewest,Province du Brabant flamand,Provincie Vlaams-Brabant,Louvain,Leuven,174967.000000,173857.000000,1,Carrefour,Op Kruispunt,1,Normales,Normaal,1,Sec,Droog,1,En agglomération,binnen bebouwde kom,1,Jour,Dag,2,Route communale,Gemeenteweg,3,Avec blessé(s) grave(s),met zwaargewonden,03,Bicyclette,Fiets,10,usager seul,één bestuurder, geen hindernis,8,Un seul usager, pas d'obstacle (chute incl.),Eén bestuurder, geen hindernis (incl. val),50.874546,4.723479
2024,07,18,24062,Région flamande,Vlaams Gewest,Province du Brabant flamand,Provincie Vlaams-Brabant,Louvain,Leuven,172824.000000,173444.000000,2,Hors carrefour,Buiten Kruispunt,1,Normales,Normaal,1,Sec,Droog,1,En agglomération,binnen bebouwde kom,1,Jour,Dag,3,Route régionale,Gewestweg,4,Avec blessé(s) leger(s),met lichtgewonden,03,Bicyclette,Fiets,03,Bicyclette,Fiets,A,Entre 2 conducteurs: Flanc contre flanc,Tussen 2 bestuurders: Flank tegen flank,0,Pas d’obstacle,Geen hindernis,50.870921,4.693006
2024,07,18,24062,Région flamande,Vlaams Gewest,Province du Brabant flamand,Provincie Vlaams-Brabant,Louvain,Leuven,174381.000000,174658.000000,2,Hors carrefour,Buiten Kruispunt,1,Normales,Normaal,2,Humide, mouillé, flaques,Nat, plassen,1,En agglomération,binnen bebouwde kom,1,Jour,Dag,3,Route régionale,Gewestweg,4,Avec blessé(s) leger(s),met lichtgewonden,02,Autres,Andere weggebruiker,10,usager seul,één bestuurder, geen hindernis,8,Un seul usager,50.881771,4.715206
2024,07,16,24062,Région flamande,Vlaams Gewest,Province du Brabant flamand,Provincie Vlaams-Brabant,Louvain,Leuven,172687.000000,175622.000000,1,Carrefour,Op Kruispunt,1,Normales,Normaal,1,Sec,Droog,2,Hors agglomération,buiten bebouwde kom,1,Jour,Dag,3,Route régionale,Gewestweg,4,Avec blessé(s) leger(s),met lichtgewonden,09,Voiture,personenauto,03,Bicyclette,Fiets,4,Entre 2 conducteurs: Par le côté (avant/derrière-flanc),Tss. 2 best.: langs opzij (voor-/achterkant-flank),0,Pas d’obstacle,Geen hindernis,50.890505,4.691195
2024,07,14,24038,Région flamande,Vlaams Gewest,Province du Brabant flamand,Provincie Vlaams-Brabant,Herent,Herent,172022.000000,176538.000000,1,Carrefour,Op Kruispunt,1,Normales,Normaal,1,Sec,Droog,2,Hors agglomération,buiten bebouwde kom,1,Jour,Dag,3,Route régionale,Gewestweg,4,Avec blessé(s) leger(s),met lichtgewonden,09,Voiture,personenauto,08,Piéton,Voetganger,5,Avec un piéton,Met een voetganger,0,Pas d’obstacle,Geen hindernis,50.898765,4.681798
2024,07,19,24062,Région flamande,Vlaams Gewest,Province du Brabant flamand,Provincie Vlaams-Brabant,Louvain,Leuven,172548.000000,174403.000000,1,Carrefour,Op Kruispunt,1,Normales,Normaal,1,Sec,Droog,1,En agglomération,binnen bebouwde kom,1,Jour,Dag,2,Route communale,Gemeenteweg,4,Avec blessé(s) leger(s),met lichtgewonden,09,Voiture,personenauto,03,Bicyclette,Fiets,2,Entre 2 conducteurs: Collision frontale,Tussen 2 bestuurders: Frontale botsing,0,Pas d’obstacle,Geen hindernis,50.879553,4.689144
2024,07,21,24062,Région flamande,Vlaams Gewest,Province du Brabant flamand,Provincie Vlaams-Brabant,Louvain,Leuven,174480.000000,176306.000000,2,Hors carrefour,Buiten Kruispunt,1,Normales,Normaal,4,Propre,Proper,2,Hors agglomération,buiten bebouwde kom,2,Aube, crépuscule,Dageraad - schemering,2,Route communale,Gemeenteweg,4,Avec blessé(s) leger(s),met lichtgewonden,09,Voiture,personenauto,05,Camionnette,Lichte vrachtauto,A,Entre 2 conducteurs: Flanc contre flanc,Tussen 2 bestuurders: Flank tegen flank,0,Pas d’obstacle,50.896581,4.716723
2024,07,10,24028,Région flamande,Vlaams Gewest,Province du Brabant flamand,Provincie Vlaams-Brabant,Geetbets,Geetbets,201640.000000,176559.000000,1,Carrefour,Op Kruispunt,1,Normales,Normaal,1,Sec,Droog,2,Hors agglomération,buiten bebouwde kom,1,Jour,Dag,2,Route communale,Gemeenteweg,4,Avec blessé(s) leger(s),met lichtgewonden,09,Voiture,personenauto,03,Bicyclette,Fiets,4,Entre 2 conducteurs: Par le côté (avant/derrière-flanc),Tss. 2 best.: langs opzij (voor-/achterkant-flank),0,Pas d’obstacle,Geen hindernis,50.897074,5.102805
2024,07,16,24135,Région flamande,Vlaams Gewest,Province du Brabant flamand,Provincie Vlaams-Brabant,Tielt-Winge,Tielt-Winge,185469.000000,177208.000000,2,Hors carrefour,Buiten Kruispunt,1,Normales,Normaal,1,Sec,Droog,2,Hors agglomération,buiten bebouwde kom,1,Jour,Dag,3,Route régionale,Gewestweg,4,Avec blessé(s) leger(s),met lichtgewonden,09,Voiture,personenauto,09,Voiture,personenauto,4,Entre 2 conducteurs: Par le côté (avant/derrière-flanc),Tss. 2 best.: langs opzij (voor-/achterkant-flank),0,Pas d’obstacle,Geen hindernis,50.904122,4.873009
2024,07,20,24008,Région flamande,Vlaams Gewest,Province du Brabant flamand,Provincie Vlaams-Brabant,Bekkevoort,Bekkevoort,195731.000000,183267.000000,2,Hors carrefour,Buiten Kruispunt,1,Normales,Normaal,1,Sec,Droog,2,Hors agglomération,buiten bebouwde kom,2,Aube, crépuscule,Dageraad - schemering,2,Route communale,Gemeenteweg,4,Avec blessé(s) leger(s),met lichtgewonden,09,Voiture,personenauto,08,Piéton,Voetganger,5,Avec un piéton,Met een voetganger,0,Pas d’obstacle,50.957868,5.019651
2024,07,09,24054,Région flamande,Vlaams Gewest,Province du Brabant flamand,Provincie Vlaams-Brabant,Kortenaken,Kortenaken,197874.000000,178132.000000,2,Hors carrefour,Buiten Kruispunt,1,Normales,Normaal,1,Sec,Droog,2,Hors agglomération,buiten bebouwde kom,1,Jour,Dag,2,Route communale,Gemeenteweg,4,Avec blessé(s) leger(s),met lichtgewonden,05,Camionnette,Lichte vrachtauto,08,Piéton,Voetganger,5,Avec un piéton,Met een voetganger,0,Pas d’obstacle,Geen hindernis,50.911537,5.049481
2024,07,14,24028,Région flamande,Vlaams Gewest,Province du Brabant flamand,Provincie Vlaams-Brabant,Geetbets,Geetbets,204329.000000,178267.000000,2,Hors carrefour,Buiten Kruispunt,1,Normales,Normaal,1,Sec,Droog,2,Hors agglomération,buiten bebouwde kom,1,Jour,Dag,2,Route communale,Gemeenteweg,4,Avec blessé(s) leger(s),met lichtgewonden,07,Motocyclette,Motorfiets,02,Autres,Andere weggebruiker,4,Entre 2 conducteurs: Par le côté (avant/derrière-flanc),Tss. 2 best.: langs opzij (voor-/achterkant-flank),0,Pas d’obstacle,Geen hindernis,50.912182,5.141279
2024,07,16,24086,Région flamande,Vlaams Gewest,Province du Brabant flamand,Provincie Vlaams-Brabant,Oud-Heverlee,Oud-Heverlee,176477.000000,169633.000000,2,Hors carrefour,Buiten Kruispunt,2,Pluie,Regenval,2,Humide, mouillé, flaques,Nat, plassen,9,inconnu,onbekend,1,Jour,Dag,2,Route communale,Gemeenteweg,4,Avec blessé(s) leger(s),met lichtgewonden,99,inconnu,onbekend,99,inconnu,onbekend,0,Type de collision non mentionné,Geen vermelding van de type aanrijding,50.836507,4.744628