DT_YEAR_COLLISION,DT_MONTH_COLLISION,DT_TIME,CD_NIS,TX_RGN_COLLISION_FR,TX_RGN_COLLISION_NL,TX_PROV_COLLISION_FR,TX_PROV_COLLISION_NL,TX_MUNTY_COLLISION_FR,TX_MUNTY_COLLISION_NL,MS_X_COORD,MS_Y_COORD,CD_CROSSWAY,TX_CROSSWAY_FR,TX_CROSSWAY_NL,CD_WEATHER,TX_WEATHER_FR,TX_WEATHER_NL,CD_ROAD_CONDITION,TX_ROAD_CONDITION_FR,TX_ROAD_CONDITION_NL,CD_BUILD_UP_AREA,TX_BUILD_UP_AREA_FR,TX_BUILD_UP_AREA_NL,CD_LIGHT_CONDITION,TX_LIGHT_CONDITION_FR,TX_LIGHT_CONDITION_NL,CD_ROAD_TYPE,CD_ROAD_TYPE_FR,CD_ROAD_TYPE_NL,CD_CLASS_ACCIDENTS,TX_CLASS_ACCIDENTS_FR,TX_CLASS_ACCIDENTS_NL,CD_ROAD_USR_TYPE1,TX_ROAD_USR_TYPE1_FR,TX_ROAD_USR_TYPE1_NL,CD_ROAD_USR_TYPE2,TX_ROAD_USR_TYPE2_FR,TX_ROAD_USR_TYPE2_NL,CD_COLLISION_TYPE,TX_COLLISON_TYPE_FR,TX_COLLISION_TYPE_NL,CD_OBSTACLES,TX_OBSTACLES_FR,TX_OBSTACLES_NL,LAT,LON
2024,08,04,31043,Région flamande,Vlaams Gewest,Province de Flandre occidentale,Provincie West-Vlaanderen,Knokke-Heist,Knokke-Heist, 74739.200000,226993.000000,2,Hors carrefour,Buiten Kruispunt,1,Normales,Normaal,9,Inconnu, indéterminé,Onbekend,1,En agglomération,binnen bebouwde kom,3,Nuit, éclairage public présent et allumé,Nacht, openbare verlichting aanwezig en ontstoken,2,Route communale,Gemeenteweg,4,Avec blessé(s) leger(s),met lichtgewonden,03,Bicyclette,Fiets,10,usager seul,één bestuurder, geen hindernis,8,Un seul usager,51.347794,3.288553
2024,08,15,31043,Région flamande,Vlaams Gewest,Province de Flandre occidentale,Provincie West-Vlaanderen,Knokke-Heist,Knokke-Heist, 73927.900000,226592.000000,2,Hors carrefour,Buiten Kruispunt,1,Normales,Normaal,4,Propre,Proper,1,En agglomération,binnen bebouwde kom,1,Jour,Dag,2,Route communale,Gemeenteweg,4,Avec blessé(s) leger(s),met lichtgewonden,09,Voiture,personenauto,03,Bicyclette,Fiets,4,Entre 2 conducteurs: Par le côté (avant/derrière-flanc),Tss. 2 best.: langs opzij (voor-/achterkant-flank),0,Pas d’obstacle,Geen hindernis,51.344084,3.276995
2024,08,17,31003,Région flamande,Vlaams Gewest,Province de Flandre occidentale,Provincie West-Vlaanderen,Beernem,Beernem, 77782.900000,206830.000000,2,Hors carrefour,Buiten Kruispunt,9,Inconnues, indéterminées,Onbekend,1,Sec,Droog,1,En agglomération,binnen bebouwde kom,1,Jour,Dag,2,Route communale,Gemeenteweg,4,Avec blessé(s) leger(s),met lichtgewonden,08,Piéton,Voetganger,06,Cyclomoteur,Bromfiets,5,Avec un piéton,Met een voetganger,0,Pas d’obstacle,51.166971,3.336254
2024,08,17,31005,Région flamande,Vlaams Gewest,Province de Flandre occidentale,Provincie West-Vlaanderen,Bruges,Brugge, 68825.400000,211638.000000,2,Hors carrefour,Buiten Kruispunt,9,Inconnues, indéterminées,Onbekend,9,Inconnu, indéterminé,Onbekend,1,En agglomération,binnen bebouwde kom,1,Jour,Dag,2,Route communale,Gemeenteweg,4,Avec blessé(s) leger(s),met lichtgewonden,06,Cyclomoteur,Bromfiets,09,Voiture,personenauto,A,Entre 2 conducteurs: Flanc contre flanc,Tussen 2 bestuurders: Flank tegen flank,0,51.208995,3.207132
2024,08,17,31040,Région flamande,Vlaams Gewest,Province de Flandre occidentale,Provincie West-Vlaanderen,Zedelgem,Zedelgem, 67553.100000,202892.000000,2,Hors carrefour,Buiten Kruispunt,9,Inconnues, indéterminées,Onbekend,9,Inconnu, indéterminé,Onbekend,2,Hors agglomération,buiten bebouwde kom,9,Inconnu, indéterminé,Onbekend,2,Route communale,Gemeenteweg,4,Avec blessé(s) leger(s),met lichtgewonden,03,Bicyclette,Fiets,11,usager/obstacle,een weggebruiker tegen een hindernis,7,Usager contre obstacle situé hors chaussée,Weggebruiker tegen hindernis buiten rijbaan,51.13021,3.190912
2024,08,10,31022,Région flamande,Vlaams Gewest,Province de Flandre occidentale,Provincie West-Vlaanderen,Oostkamp,Oostkamp, 69720.600000,199590.000000,2,Hors carrefour,Buiten Kruispunt,1,Normales,Normaal,1,Sec,Droog,1,En agglomération,binnen bebouwde kom,1,Jour,Dag,3,Route régionale,Gewestweg,4,Avec blessé(s) leger(s),met lichtgewonden,07,Motocyclette,Motorfiets,09,Voiture,personenauto,3,Entre 2 conducteurs: Par l'arrière,Tussen 2 bestuurders: Langs achteren,0,Pas d’obstacle,Geen hindernis,51.100838,3.2226
2024,08,09,31022,Région flamande,Vlaams Gewest,Province de Flandre occidentale,Provincie West-Vlaanderen,Oostkamp,Oostkamp, 66725.200000,198939.000000,1,Carrefour,Op Kruispunt,1,Normales,Normaal,1,Sec,Droog,2,Hors agglomération,buiten bebouwde kom,1,Jour,Dag,2,Route communale,Gemeenteweg,4,Avec blessé(s) leger(s),met lichtgewonden,09,Voiture,personenauto,09,Voiture,personenauto,4,Entre 2 conducteurs: Par le côté (avant/derrière-flanc),Tss. 2 best.: langs opzij (voor-/achterkant-flank),0,Pas d’obstacle,Geen hindernis,51.094564,3.17999
2024,08,08,31003,Région flamande,Vlaams Gewest,Province de Flandre occidentale,Provincie West-Vlaanderen,Beernem,Beernem, 77268.700000,203655.000000,1,Carrefour,Op Kruispunt,2,Pluie,Regenval,2,Humide, mouillé, flaques,Nat, plassen,1,En agglomération,binnen bebouwde kom,1,Jour,Dag,3,Route régionale,Gewestweg,4,Avec blessé(s) leger(s),met lichtgewonden,09,Voiture,personenauto,03,Bicyclette,Fiets,4,Entre 2 conducteurs: Par le côté (avant/derrière-flanc),Tss. 2 best.: langs opzij (voor-/achterkant-flank),51.138371,3.329538
2024,08,17,31040,Région flamande,Vlaams Gewest,Province de Flandre occidentale,Provincie West-Vlaanderen,Zedelgem,Zedelgem, 67736.100000,205690.000000,1,Carrefour,Op Kruispunt,1,Normales,Normaal,1,Sec,Droog,1,En agglomération,binnen bebouwde kom,1,Jour,Dag,3,Route régionale,Gewestweg,4,Avec blessé(s) leger(s),met lichtgewonden,05,Camionnette,Lichte vrachtauto,03,Bicyclette,Fiets,4,Entre 2 conducteurs: Par le côté (avant/derrière-flanc),Tss. 2 best.: langs opzij (voor-/achterkant-flank),0,Pas d’obstacle,Geen hindernis,51.155384,3.192894
2024,08,08,31003,Région flamande,Vlaams Gewest,Province de Flandre occidentale,Provincie West-Vlaanderen,Beernem,Beernem, 77155.200000,202386.000000,1,Carrefour,Op Kruispunt,1,Normales,Normaal,1,Sec,Droog,1,En agglomération,binnen bebouwde kom,1,Jour,Dag,3,Route régionale,Gewestweg,3,Avec blessé(s) grave(s),met zwaargewonden,09,Voiture,personenauto,03,Bicyclette,Fiets,A,Entre 2 conducteurs: Flanc contre flanc,Tussen 2 bestuurders: Flank tegen flank,0,Pas d’obstacle,Geen hindernis,51.126951,3.328171
2024,08,09,31003,Région flamande,Vlaams Gewest,Province de Flandre occidentale,Provincie West-Vlaanderen,Beernem,Beernem, 75970.700000,202627.000000,2,Hors carrefour,Buiten Kruispunt,1,Normales,Normaal,1,Sec,Droog,1,En agglomération,binnen bebouwde kom,1,Jour,Dag,3,Route régionale,Gewestweg,4,Avec blessé(s) leger(s),met lichtgewonden,03,Bicyclette,Fiets,11,usager/obstacle,een weggebruiker tegen een hindernis,7,Usager contre obstacle situé hors chaussée,Weggebruiker tegen hindernis buiten rijbaan,67,Autre obstacle,Andere hindernis,51.128967,3.311204
2024,08,15,31040,Région flamande,Vlaams Gewest,Province de Flandre occidentale,Provincie West-Vlaanderen,Zedelgem,Zedelgem, 60100.400000,202311.000000,1,Carrefour,Op Kruispunt,1,Normales,Normaal,1,Sec,Droog,1,En agglomération,binnen bebouwde kom,1,Jour,Dag,2,Route communale,Gemeenteweg,4,Avec blessé(s) leger(s),met lichtgewonden,03,Bicyclette,Fiets,09,Voiture,personenauto,4,Entre 2 conducteurs: Par le côté (avant/derrière-flanc),Tss. 2 best.: langs opzij (voor-/achterkant-flank),0,Pas d’obstacle,Geen hindernis,51.123879,3.084606
2024,08,19,31003,Région flamande,Vlaams Gewest,Province de Flandre occidentale,Provincie West-Vlaanderen,Beernem,Beernem, 81913.400000,206397.000000,1,Carrefour,Op Kruispunt,1,Normales,Normaal,1,Sec,Droog,1,En agglomération,binnen bebouwde kom,1,Jour,Dag,2,Route communale,Gemeenteweg,4,Avec blessé(s) leger(s),met lichtgewonden,05,Camionnette,Lichte vrachtauto,03,Bicyclette,Fiets,3,Entre 2 conducteurs: Par l'arrière,Tussen 2 bestuurders: Langs achteren,0,Pas d’obstacle,Geen hindernis,51.163581,3.395383
2024,08,13,31022,Région flamande,Vlaams Gewest,Province de Flandre occidentale,Provincie West-Vlaanderen,Oostkamp,Oostkamp, 70662.600000,206553.000000,2,Hors carrefour,Buiten Kruispunt,1,Normales,Normaal,1,Sec,Droog,1,En agglomération,binnen bebouwde kom,1,Jour,Dag,3,Route régionale,Gewestweg,4,Avec blessé(s) leger(s),met lichtgewonden,06,Cyclomoteur,Bromfiets,09,Voiture,personenauto,3,Entre 2 conducteurs: Par l'arrière,Tussen 2 bestuurders: Langs achteren,0,Pas d’obstacle,Geen hindernis,51.163549,3.234529
2024,08,10,31040,Région flamande,Vlaams Gewest,Province de Flandre occidentale,Provincie West-Vlaanderen,Zedelgem,Zedelgem,,,2,Hors carrefour,Buiten Kruispunt,1,Normales,Normaal,9,Inconnu, indéterminé,Onbekend,1,En agglomération,binnen bebouwde kom,1,Jour,Dag,9,inconnu,onbekend,4,Avec blessé(s) leger(s),met lichtgewonden,02,Autres,Andere weggebruiker,10,usager seul,één bestuurder, geen hindernis,8,Un seul usager, pas d'obstacle (chute incl.),Eén bestuurder,,
2024,08,11,31040,Région flamande,Vlaams Gewest,Province de Flandre occidentale,Provincie West-Vlaanderen,Zedelgem,Zedelgem, 60509.000000,201815.000000,2,Hors carrefour,Buiten Kruispunt,1,Normales,Normaal,1/4,Sec+Propre,Droog+Proper,1,En agglomération,binnen bebouwde kom,1,Jour,Dag,3,Route régionale,Gewestweg,4,Avec blessé(s) leger(s),met lichtgewonden,03,Bicyclette,Fiets,10,usager seul,één bestuurder, geen hindernis,8,Un seul usager, pas d'obstacle (chute incl.),Eén bestuurder, geen hindernis (incl. val),51.119484,3.090563
2024,08,09,37018,Région flamande,Vlaams Gewest,Province de Flandre occidentale,Provincie West-Vlaanderen,Wingene,Wingene, 77565.100000,195131.000000,2,Hors carrefour,Buiten Kruispunt,1,Normales,Normaal,1,Sec,Droog,2,Hors agglomération,buiten bebouwde kom,1,Jour,Dag,2,Route communale,Gemeenteweg,4,Avec blessé(s) leger(s),met lichtgewonden,01,Autobus,Autobus,03,Bicyclette,Fiets,A,Entre 2 conducteurs: Flanc contre flanc,Tussen 2 bestuurders: Flank tegen flank,0,Pas d’obstacle,Geen hindernis,51.061795,3.335467
2024,08,09,36011,Région flamande,Vlaams Gewest,Province de Flandre occidentale,Provincie West-Vlaanderen,Lichtervelde,Lichtervelde, 63027.700000,191323.000000,1,Carrefour,Op Kruispunt,1,Normales,Normaal,1,Sec,Droog,1,En agglomération,binnen bebouwde kom,1,Jour,Dag,2,Route communale,Gemeenteweg,4,Avec blessé(s) leger(s),met lichtgewonden,07,Motocyclette,Motorfiets,09,Voiture,personenauto,A,Entre 2 conducteurs: Flanc contre flanc,Tussen 2 bestuurders: Flank tegen flank,0,Pas d’obstacle,Geen hindernis,51.02557,3.129031
2024,08,10,32003,Région flamande,Vlaams Gewest,Province de Flandre occidentale,Provincie West-Vlaanderen,Dixmude,Diksmuide, 44604.400000,188562.000000,2,Hors carrefour,Buiten Kruispunt,9,Inconnues, indéterminées,Onbekend,9,Inconnu, indéterminé,Onbekend,9,inconnu,onbekend,1,Jour,Dag,2,Route communale,Gemeenteweg,4,Avec blessé(s) leger(s),met lichtgewonden,99,inconnu,onbekend,99,inconnu,onbekend,0,Type de collision non mentionné,Geen vermelding van de type aanrijding,-1,50.9977,2.867282
2024,08,10,36011,Région flamande,Vlaams Gewest,Province de Flandre occidentale,Provincie West-Vlaanderen,Lichtervelde,Lichtervelde, 61829.600000,190959.000000,1,Carrefour,Op Kruispunt,1,Normales,Normaal,1,Sec,Droog,2,Hors agglomération,buiten bebouwde kom,1,Jour,Dag,2,Route communale,Gemeenteweg,4,Avec blessé(s) leger(s),met lichtgewonden,09,Voiture,personenauto,09,Voiture,personenauto,4,Entre 2 conducteurs: Par le côté (avant/derrière-flanc),Tss. 2 best.: langs opzij (voor-/achterkant-flank),0,Pas d’obstacle,Geen hindernis,51.022118,3.112044
2024,08,17,36011,Région flamande,Vlaams Gewest,Province de Flandre occidentale,Provincie West-Vlaanderen,Lichtervelde,Lichtervelde, 61894.700000,190460.000000,1,Carrefour,Op Kruispunt,1,Normales,Normaal,1,Sec,Droog,2,Hors agglomération,buiten bebouwde kom,1,Jour,Dag,2,Route communale,Gemeenteweg,4,Avec blessé(s) leger(s),met lichtgewonden,09,Voiture,personenauto,09,Voiture,personenauto,4,Entre 2 conducteurs: Par le côté (avant/derrière-flanc),Tss. 2 best.: langs opzij (voor-/achterkant-flank),0,Pas d’obstacle,Geen hindernis,51.017643,3.113092
2024,08,19,37012,Région flamande,Vlaams Gewest,Province de Flandre occidentale,Provincie West-Vlaanderen,Ruiselede,Ruiselede, 81715.300000,192878.000000,2,Hors carrefour,Buiten Kruispunt,1,Normales,Normaal,1,Sec,Droog,1,En agglomération,binnen bebouwde kom,1,Jour,Dag,2,Route communale,Gemeenteweg,4,Avec blessé(s) leger(s),met lichtgewonden,09,Voiture,personenauto,09,Voiture,personenauto,4,Entre 2 conducteurs: Par le côté (avant/derrière-flanc),Tss. 2 best.: langs opzij (voor-/achterkant-flank),0,Pas d’obstacle,Geen hindernis,51.042049,3.395084
2024,08,16,36011,Région flamande,Vlaams Gewest,Province de Flandre occidentale,Provincie West-Vlaanderen,Lichtervelde,Lichtervelde, 66194.000000,189308.000000,2,Hors carrefour,Buiten Kruispunt,1,Normales,Normaal,1,Sec,Droog,2,Hors agglomération,buiten bebouwde kom,1,Jour,Dag,3,Route régionale,Gewestweg,4,Avec blessé(s) leger(s),met lichtgewonden,09,Voiture,personenauto,09,Voiture,personenauto,3,Entre 2 conducteurs: Par l'arrière,Tussen 2 bestuurders: Langs achteren,0,Pas d’obstacle,Geen hindernis,51.007926,3.174618
2024,08,21,37015,Région flamande,Vlaams Gewest,Province de Flandre occidentale,Provincie West-Vlaanderen,Tielt,Tielt, 78251.400000,187366.000000,2,Hors carrefour,Buiten Kruispunt,1,Normales,Normaal,1/4,Sec+Propre,Droog+Proper,2,Hors agglomération,buiten bebouwde kom,1,Jour,Dag,2,Route communale,Gemeenteweg,3,Avec blessé(s) grave(s),met zwaargewonden,09,Voiture,personenauto,11,usager/obstacle,een weggebruiker tegen een hindernis,7,Usager contre obstacle situé hors chaussée,Weggebruiker tegen hindernis buiten rijbaan,66,Hors chaussée: Fossé,Buiten de rijbaan: Gracht,50.992087,3.346779
2024,08,15,37015,Région flamande,Vlaams Gewest,Province de Flandre occidentale,Provincie West-Vlaanderen,Tielt,Tielt, 77729.400000,186615.000000,1,Carrefour,Op Kruispunt,1,Normales,Normaal,1/4,Sec+Propre,Droog+Proper,2,Hors agglomération,buiten bebouwde kom,1,Jour,Dag,3,Route régionale,Gewestweg,4,Avec blessé(s) leger(s),met lichtgewonden,09,Voiture,personenauto,09,Voiture,personenauto,3,Entre 2 conducteurs: Par l'arrière,Tussen 2 bestuurders: Langs achteren,0,Pas d’obstacle,Geen hindernis,50.985272,3.339493
2024,08,14,37018,Région flamande,Vlaams Gewest,Province de Flandre occidentale,Provincie West-Vlaanderen,Wingene,Wingene, 72778.800000,199215.000000,1,Carrefour,Op Kruispunt,1,Normales,Normaal,1,Sec,Droog,2,Hors agglomération,buiten bebouwde kom,1,Jour,Dag,2,Route communale,Gemeenteweg,4,Avec blessé(s) leger(s),met lichtgewonden,09,Voiture,personenauto,11,usager/obstacle,een weggebruiker tegen een hindernis,7,Usager contre obstacle situé hors chaussée,Weggebruiker tegen hindernis buiten rijbaan,61,Hors chaussée: Autre poteau,Buiten de rijbaan: Andere paal,51.097883,3.266335
2024,08,17,37020,Région flamande,Vlaams Gewest,Province de Flandre occidentale,Provincie West-Vlaanderen,Ardooie,Ardooie, 69257.900000,185994.000000,2,Hors carrefour,Buiten Kruispunt,1,Normales,Normaal,1,Sec,Droog,2,Hors agglomération,buiten bebouwde kom,1,Jour,Dag,3,Route régionale,Gewestweg,4,Avec blessé(s) leger(s),met lichtgewonden,05,Camionnette,Lichte vrachtauto,09,Voiture,personenauto,3,Entre 2 conducteurs: Par l'arrière,Tussen 2 bestuurders: Langs achteren,0,Pas d’obstacle,Geen hindernis,50.978574,3.218999
2024,08,15,35013,Région flamande,Vlaams Gewest,Province de Flandre occidentale,Provincie West-Vlaanderen,Ostende,Oostende, 46664.000000,212805.000000,2,Hors carrefour,Buiten Kruispunt,1,Normales,Normaal,1,Sec,Droog,1,En agglomération,binnen bebouwde kom,1,Jour,Dag,3,Route régionale,Gewestweg,4,Avec blessé(s) leger(s),met lichtgewonden,03,Bicyclette,Fiets,09,Voiture,personenauto,2,Entre 2 conducteurs: Collision frontale,Tussen 2 bestuurders: Frontale botsing,0,Pas d’obstacle,Geen hindernis,51.215943,2.88974
2024,08,10,35011,Région flamande,Vlaams Gewest,Province de Flandre occidentale,Provincie West-Vlaanderen,Middelkerke,Middelkerke, 44546.000000,207760.000000,2,Hors carrefour,Buiten Kruispunt,9,Inconnues, indéterminées,Onbekend,9,Inconnu, indéterminé,Onbekend,9,inconnu,onbekend,1,Jour,Dag,2,Route communale,Gemeenteweg,4,Avec blessé(s) leger(s),met lichtgewonden,99,inconnu,onbekend,99,inconnu,onbekend,0,Type de collision non mentionné,Geen vermelding van de type aanrijding,-1,51.170222,2.860899
2024,08,09,35013,Région flamande,Vlaams Gewest,Province de Flandre occidentale,Provincie West-Vlaanderen,Ostende,Oostende, 49067.300000,212908.000000,1,Carrefour,Op Kruispunt,1,Normales,Normaal,1,Sec,Droog,1,En agglomération,binnen bebouwde kom,1,Jour,Dag,3,Route régionale,Gewestweg,4,Avec blessé(s) leger(s),met lichtgewonden,09,Voiture,personenauto,03,Bicyclette,Fiets,4,Entre 2 conducteurs: Par le côté (avant/derrière-flanc),Tss. 2 best.: langs opzij (voor-/achterkant-flank),0,Pas d’obstacle,Geen hindernis,51.217293,2.9241
2024,08,17,35013,Région flamande,Vlaams Gewest,Province de Flandre occidentale,Provincie West-Vlaanderen,Ostende,Oostende, 48314.500000,214667.000000,2,Hors carrefour,Buiten Kruispunt,1,Normales,Normaal,1,Sec,Droog,1,En agglomération,binnen bebouwde kom,1,Jour,Dag,3,Route régionale,Gewestweg,4,Avec blessé(s) leger(s),met lichtgewonden,06,Cyclomoteur,Bromfiets,08,Piéton,Voetganger,5,Avec un piéton,Met een voetganger,0,Pas d’obstacle,Geen hindernis,51.232969,2.912835
2024,08,07,35013,Région flamande,Vlaams Gewest,Province de Flandre occidentale,Provincie West-Vlaanderen,Ostende,Oostende, 49841.500000,212947.000000,2,Hors carrefour,Buiten Kruispunt,1,Normales,Normaal,2,Humide, mouillé, flaques,Nat, plassen,1,En agglomération,binnen bebouwde kom,2,Aube, crépuscule,Dageraad - schemering,3,Route régionale,Gewestweg,4,Avec blessé(s) leger(s),met lichtgewonden,09,Voiture,personenauto,10,usager seul,één bestuurder, geen hindernis,8,51.217778,2.935168
2024,08,01,35013,Région flamande,Vlaams Gewest,Province de Flandre occidentale,Provincie West-Vlaanderen,Ostende,Oostende, 48275.700000,214433.000000,1,Carrefour,Op Kruispunt,1,Normales,Normaal,1,Sec,Droog,1,En agglomération,binnen bebouwde kom,3,Nuit, éclairage public présent et allumé,Nacht, openbare verlichting aanwezig en ontstoken,3,Route régionale,Gewestweg,4,Avec blessé(s) leger(s),met lichtgewonden,09,Voiture,personenauto,06,Cyclomoteur,Bromfiets,A,Entre 2 conducteurs: Flanc contre flanc,Tussen 2 bestuurders: Flank tegen flank,0,51.230859,2.912345
2024,08,21,35013,Région flamande,Vlaams Gewest,Province de Flandre occidentale,Provincie West-Vlaanderen,Ostende,Oostende, 48125.200000,212587.000000,2,Hors carrefour,Buiten Kruispunt,1,Normales,Normaal,1,Sec,Droog,1,En agglomération,binnen bebouwde kom,2,Aube, crépuscule,Dageraad - schemering,3,Route régionale,Gewestweg,4,Avec blessé(s) leger(s),met lichtgewonden,06,Cyclomoteur,Bromfiets,09,Voiture,personenauto,A,Entre 2 conducteurs: Flanc contre flanc,Tussen 2 bestuurders: Flank tegen flank,0,Pas d’obstacle,51.214243,2.91071
2024,08,15,35013,Région flamande,Vlaams Gewest,Province de Flandre occidentale,Provincie West-Vlaanderen,Ostende,Oostende, 46107.200000,212953.000000,2,Hors carrefour,Buiten Kruispunt,1,Normales,Normaal,1,Sec,Droog,1,En agglomération,binnen bebouwde kom,1,Jour,Dag,2,Route communale,Gemeenteweg,4,Avec blessé(s) leger(s),met lichtgewonden,03,Bicyclette,Fiets,05,Camionnette,Lichte vrachtauto,4,Entre 2 conducteurs: Par le côté (avant/derrière-flanc),Tss. 2 best.: langs opzij (voor-/achterkant-flank),0,Pas d’obstacle,Geen hindernis,51.217173,2.881731
2024,08,15,35013,Région flamande,Vlaams Gewest,Province de Flandre occidentale,Provincie West-Vlaanderen,Ostende,Oostende, 47714.100000,213560.000000,2,Hors carrefour,Buiten Kruispunt,1,Normales,Normaal,1/4,Sec+Propre,Droog+Proper,1,En agglomération,binnen bebouwde kom,1,Jour,Dag,2,Route communale,Gemeenteweg,4,Avec blessé(s) leger(s),met lichtgewonden,03,Bicyclette,Fiets,10,usager seul,één bestuurder, geen hindernis,8,Un seul usager, pas d'obstacle (chute incl.),Eén bestuurder, geen hindernis (incl. val),51.222914,2.904553
2024,08,07,35013,Région flamande,Vlaams Gewest,Province de Flandre occidentale,Provincie West-Vlaanderen,Ostende,Oostende, 46630.200000,213279.000000,1,Carrefour,Op Kruispunt,1,Normales,Normaal,1,Sec,Droog,1,En agglomération,binnen bebouwde kom,1,Jour,Dag,3,Route régionale,Gewestweg,4,Avec blessé(s) leger(s),met lichtgewonden,09,Voiture,personenauto,03,Bicyclette,Fiets,4,Entre 2 conducteurs: Par le côté (avant/derrière-flanc),Tss. 2 best.: langs opzij (voor-/achterkant-flank),0,Pas d’obstacle,Geen hindernis,51.220196,2.889121
2024,08,15,35013,Région flamande,Vlaams Gewest,Province de Flandre occidentale,Provincie West-Vlaanderen,Ostende,Oostende, 47701.900000,211912.000000,1,Carrefour,Op Kruispunt,1,Normales,Normaal,1,Sec,Droog,1,En agglomération,binnen bebouwde kom,1,Jour,Dag,3,Route régionale,Gewestweg,4,Avec blessé(s) leger(s),met lichtgewonden,09,Voiture,personenauto,03,Bicyclette,Fiets,4,Entre 2 conducteurs: Par le côté (avant/derrière-flanc),Tss. 2 best.: langs opzij (voor-/achterkant-flank),0,Pas d’obstacle,Geen hindernis,51.208102,2.904843
2024,08,14,35013,Région flamande,Vlaams Gewest,Province de Flandre occidentale,Provincie West-Vlaanderen,Ostende,Oostende, 47971.400000,213374.000000,2,Hors carrefour,Buiten Kruispunt,1,Normales,Normaal,1,Sec,Droog,1,En agglomération,binnen bebouwde kom,1,Jour,Dag,3,Route régionale,Gewestweg,4,Avec blessé(s) leger(s),met lichtgewonden,08,Piéton,Voetganger,03,Bicyclette,Fiets,5,Avec un piéton,Met een voetganger,-3,Présence d'obstacle non mentionnée,Geen vermelding van de aanwezigheid van een hindernis,51.221288,2.908288
2024,07,11,35013,Région flamande,Vlaams Gewest,Province de Flandre occidentale,Provincie West-Vlaanderen,Ostende,Oostende, 47822.700000,213597.000000,2,Hors carrefour,Buiten Kruispunt,1,Normales,Normaal,1,Sec,Droog,1,En agglomération,binnen bebouwde kom,1,Jour,Dag,3,Route régionale,Gewestweg,4,Avec blessé(s) leger(s),met lichtgewonden,03,Bicyclette,Fiets,10,usager seul,één bestuurder, geen hindernis,8,Un seul usager, pas d'obstacle (chute incl.),Eén bestuurder, geen hindernis (incl. val),51.223266,2.906097
2024,08,14,35013,Région flamande,Vlaams Gewest,Province de Flandre occidentale,Provincie West-Vlaanderen,Ostende,Oostende, 48727.300000,214046.000000,2,Hors carrefour,Buiten Kruispunt,1,Normales,Normaal,1,Sec,Droog,1,En agglomération,binnen bebouwde kom,1,Jour,Dag,3,Route régionale,Gewestweg,4,Avec blessé(s) leger(s),met lichtgewonden,09,Voiture,personenauto,08,Piéton,Voetganger,5,Avec un piéton,Met een voetganger,0,Pas d’obstacle,Geen hindernis,51.227461,2.918917
2024,08,21,35013,Région flamande,Vlaams Gewest,Province de Flandre occidentale,Provincie West-Vlaanderen,Ostende,Oostende, 50336.100000,212894.000000,2,Hors carrefour,Buiten Kruispunt,9,Inconnues, indéterminées,Onbekend,9,Inconnu, indéterminé,Onbekend,9,inconnu,onbekend,9,Inconnu, indéterminé,Onbekend,2,Route communale,Gemeenteweg,4,Avec blessé(s) leger(s),met lichtgewonden,99,inconnu,onbekend,99,inconnu,onbekend,0,Type de collision non mentionné,Geen vermelding van de type aanrijding,51.217388,2.94226
2024,08,18,35013,Région flamande,Vlaams Gewest,Province de Flandre occidentale,Provincie West-Vlaanderen,Ostende,Oostende, 49481.800000,212084.000000,1,Carrefour,Op Kruispunt,2,Pluie,Regenval,2,Humide, mouillé, flaques,Nat, plassen,2,Hors agglomération,buiten bebouwde kom,1,Jour,Dag,2,Route communale,Gemeenteweg,4,Avec blessé(s) leger(s),met lichtgewonden,06,Cyclomoteur,Bromfiets,09,Voiture,personenauto,4,Entre 2 conducteurs: Par le côté (avant/derrière-flanc),Tss. 2 best.: langs opzij (voor-/achterkant-flank),51.20996,2.93026
2024,08,18,35013,Région flamande,Vlaams Gewest,Province de Flandre occidentale,Provincie West-Vlaanderen,Ostende,Oostende, 49376.400000,212332.000000,2,Hors carrefour,Buiten Kruispunt,1,Normales,Normaal,1,Sec,Droog,1,En agglomération,binnen bebouwde kom,1,Jour,Dag,2,Route communale,Gemeenteweg,4,Avec blessé(s) leger(s),met lichtgewonden,03,Bicyclette,Fiets,03,Bicyclette,Fiets,4,Entre 2 conducteurs: Par le côté (avant/derrière-flanc),Tss. 2 best.: langs opzij (voor-/achterkant-flank),0,Pas d’obstacle,Geen hindernis,51.212171,2.928683
2024,08,14,35013,Région flamande,Vlaams Gewest,Province de Flandre occidentale,Provincie West-Vlaanderen,Ostende,Oostende, 45549.000000,212310.000000,2,Hors carrefour,Buiten Kruispunt,1,Normales,Normaal,1,Sec,Droog,1,En agglomération,binnen bebouwde kom,1,Jour,Dag,2,Route communale,Gemeenteweg,1,Avec tué(s),Met doden,09,Voiture,personenauto,11,usager/obstacle,een weggebruiker tegen een hindernis,7,Usager contre obstacle situé hors chaussée,Weggebruiker tegen hindernis buiten rijbaan,65,Hors chaussée: Clôture,Buiten de rijbaan: Omheining,51.211294,2.873928
2024,08,18,35013,Région flamande,Vlaams Gewest,Province de Flandre occidentale,Provincie West-Vlaanderen,Ostende,Oostende, 48661.400000,213793.000000,1,Carrefour,Op Kruispunt,1,Normales,Normaal,1,Sec,Droog,1,En agglomération,binnen bebouwde kom,1,Jour,Dag,2,Route communale,Gemeenteweg,4,Avec blessé(s) leger(s),met lichtgewonden,09,Voiture,personenauto,03,Bicyclette,Fiets,2,Entre 2 conducteurs: Collision frontale,Tussen 2 bestuurders: Frontale botsing,0,Pas d’obstacle,Geen hindernis,51.225175,2.918045