DT_YEAR_COLLISION,DT_MONTH_COLLISION,DT_TIME,CD_NIS,TX_RGN_COLLISION_FR,TX_RGN_COLLISION_NL,TX_PROV_COLLISION_FR,TX_PROV_COLLISION_NL,TX_MUNTY_COLLISION_FR,TX_MUNTY_COLLISION_NL,MS_X_COORD,MS_Y_COORD,CD_CROSSWAY,TX_CROSSWAY_FR,TX_CROSSWAY_NL,CD_WEATHER,TX_WEATHER_FR,TX_WEATHER_NL,CD_ROAD_CONDITION,TX_ROAD_CONDITION_FR,TX_ROAD_CONDITION_NL,CD_BUILD_UP_AREA,TX_BUILD_UP_AREA_FR,TX_BUILD_UP_AREA_NL,CD_LIGHT_CONDITION,TX_LIGHT_CONDITION_FR,TX_LIGHT_CONDITION_NL,CD_ROAD_TYPE,CD_ROAD_TYPE_FR,CD_ROAD_TYPE_NL,CD_CLASS_ACCIDENTS,TX_CLASS_ACCIDENTS_FR,TX_CLASS_ACCIDENTS_NL,CD_ROAD_USR_TYPE1,TX_ROAD_USR_TYPE1_FR,TX_ROAD_USR_TYPE1_NL,CD_ROAD_USR_TYPE2,TX_ROAD_USR_TYPE2_FR,TX_ROAD_USR_TYPE2_NL,CD_COLLISION_TYPE,TX_COLLISON_TYPE_FR,TX_COLLISION_TYPE_NL,CD_OBSTACLES,TX_OBSTACLES_FR,TX_OBSTACLES_NL,LAT,LON
2024,10,07,24134,Région flamande,Vlaams Gewest,Province du Brabant flamand,Provincie Vlaams-Brabant,Montaigu-Zichem,Scherpenheuvel-Zichem,194716.000000,186719.000000,2,Hors carrefour,Buiten Kruispunt,9,Inconnues, indéterminées,Onbekend,9,Inconnu, indéterminé,Onbekend,9,inconnu,onbekend,9,Inconnu, indéterminé,Onbekend,2,Route communale,Gemeenteweg,4,Avec blessé(s) leger(s),met lichtgewonden,99,inconnu,onbekend,99,inconnu,onbekend,0,Type de collision non mentionné,Geen vermelding van de type aanrijding,50.988976,5.005627
2024,10,17,24020,Région flamande,Vlaams Gewest,Province du Brabant flamand,Provincie Vlaams-Brabant,Diest,Diest,199154.000000,185045.000000,2,Hors carrefour,Buiten Kruispunt,1,Normales,Normaal,1,Sec,Droog,1,En agglomération,binnen bebouwde kom,1,Jour,Dag,3,Route régionale,Gewestweg,4,Avec blessé(s) leger(s),met lichtgewonden,09,Voiture,personenauto,09,Voiture,personenauto,4,Entre 2 conducteurs: Par le côté (avant/derrière-flanc),Tss. 2 best.: langs opzij (voor-/achterkant-flank),0,Pas d’obstacle,Geen hindernis,50.97357,5.068607
2024,10,20,24020,Région flamande,Vlaams Gewest,Province du Brabant flamand,Provincie Vlaams-Brabant,Diest,Diest,198182.125000,187175.000000,2,Hors carrefour,Buiten Kruispunt,2,Pluie,Regenval,2,Humide, mouillé, flaques,Nat, plassen,2,Hors agglomération,buiten bebouwde kom,3,Nuit, éclairage public présent et allumé,Nacht, openbare verlichting aanwezig en ontstoken,3,Route régionale,Gewestweg,4,Avec blessé(s) leger(s),met lichtgewonden,09,Voiture,personenauto,09,Voiture,personenauto,1,50.992797,5.055051
2024,10,11,24094,Région flamande,Vlaams Gewest,Province du Brabant flamand,Provincie Vlaams-Brabant,Rotselaar,Rotselaar,178637.000000,184093.000000,1,Carrefour,Op Kruispunt,1,Normales,Normaal,1/4,Sec+Propre,Droog+Proper,2,Hors agglomération,buiten bebouwde kom,1,Jour,Dag,2,Route communale,Gemeenteweg,4,Avec blessé(s) leger(s),met lichtgewonden,09,Voiture,personenauto,03,Bicyclette,Fiets,A,Entre 2 conducteurs: Flanc contre flanc,Tussen 2 bestuurders: Flank tegen flank,0,Pas d’obstacle,Geen hindernis,50.966389,4.77642
2024,10,15,24007,Région flamande,Vlaams Gewest,Province du Brabant flamand,Provincie Vlaams-Brabant,Begijnendijk,Begijnendijk,179372.000000,187309.000000,1,Carrefour,Op Kruispunt,1,Normales,Normaal,1/4,Sec+Propre,Droog+Proper,2,Hors agglomération,buiten bebouwde kom,1,Jour,Dag,2,Route communale,Gemeenteweg,4,Avec blessé(s) leger(s),met lichtgewonden,09,Voiture,personenauto,11,usager/obstacle,een weggebruiker tegen een hindernis,7,Usager contre obstacle situé hors chaussée,Weggebruiker tegen hindernis buiten rijbaan,65,Hors chaussée: Clôture,Buiten de rijbaan: Omheining,50.995261,4.787142
2024,10,18,24109,Région flamande,Vlaams Gewest,Province du Brabant flamand,Provincie Vlaams-Brabant,Tremelo,Tremelo,173174.000000,187521.000000,2,Hors carrefour,Buiten Kruispunt,1,Normales,Normaal,1/4,Sec+Propre,Droog+Proper,1,En agglomération,binnen bebouwde kom,1,Jour,Dag,2,Route communale,Gemeenteweg,3,Avec blessé(s) grave(s),met zwaargewonden,99,inconnu,onbekend,99,inconnu,onbekend,9,Autre ou inconnu,Andere of onbekend,-3,Présence d'obstacle non mentionnée,Geen vermelding van de aanwezigheid van een hindernis,50.997448,4.69887
2024,09,07,24094,Région flamande,Vlaams Gewest,Province du Brabant flamand,Provincie Vlaams-Brabant,Rotselaar,Rotselaar,173332.000000,183321.000000,2,Hors carrefour,Buiten Kruispunt,1,Normales,Normaal,1,Sec,Droog,2,Hors agglomération,buiten bebouwde kom,1,Jour,Dag,2,Route communale,Gemeenteweg,4,Avec blessé(s) leger(s),met lichtgewonden,05,Camionnette,Lichte vrachtauto,09,Voiture,personenauto,1,Collision en chaîne (3 conducteurs ou plus),Kettingbotsing (3 bestuurders of meer),0,Pas d’obstacle,Geen hindernis,50.959688,4.700852
2024,09,19,24094,Région flamande,Vlaams Gewest,Province du Brabant flamand,Provincie Vlaams-Brabant,Rotselaar,Rotselaar,174170.000000,182367.000000,2,Hors carrefour,Buiten Kruispunt,1,Normales,Normaal,1,Sec,Droog,1,En agglomération,binnen bebouwde kom,1,Jour,Dag,2,Route communale,Gemeenteweg,4,Avec blessé(s) leger(s),met lichtgewonden,07,Motocyclette,Motorfiets,09,Voiture,personenauto,A,Entre 2 conducteurs: Flanc contre flanc,Tussen 2 bestuurders: Flank tegen flank,0,Pas d’obstacle,Geen hindernis,50.951078,4.712717
2024,09,08,24007,Région flamande,Vlaams Gewest,Province du Brabant flamand,Provincie Vlaams-Brabant,Begijnendijk,Begijnendijk,179372.000000,187309.000000,1,Carrefour,Op Kruispunt,1,Normales,Normaal,1,Sec,Droog,2,Hors agglomération,buiten bebouwde kom,1,Jour,Dag,2,Route communale,Gemeenteweg,4,Avec blessé(s) leger(s),met lichtgewonden,09,Voiture,personenauto,03,Bicyclette,Fiets,4,Entre 2 conducteurs: Par le côté (avant/derrière-flanc),Tss. 2 best.: langs opzij (voor-/achterkant-flank),0,Pas d’obstacle,Geen hindernis,50.995261,4.787142
2024,05,19,24109,Région flamande,Vlaams Gewest,Province du Brabant flamand,Provincie Vlaams-Brabant,Tremelo,Tremelo,,,2,Hors carrefour,Buiten Kruispunt,1,Normales,Normaal,1,Sec,Droog,1,En agglomération,binnen bebouwde kom,2,Aube, crépuscule,Dageraad - schemering,2,Route communale,Gemeenteweg,4,Avec blessé(s) leger(s),met lichtgewonden,09,Voiture,personenauto,11,usager/obstacle,een weggebruiker tegen een hindernis,7,Usager contre obstacle situé hors chaussée,Weggebruiker tegen hindernis buiten rijbaan,61,Hors chaussée: Autre poteau,,
2024,10,17,24109,Région flamande,Vlaams Gewest,Province du Brabant flamand,Provincie Vlaams-Brabant,Tremelo,Tremelo,172686.000000,187125.000000,2,Hors carrefour,Buiten Kruispunt,1,Normales,Normaal,1,Sec,Droog,2,Hors agglomération,buiten bebouwde kom,1,Jour,Dag,2,Route communale,Gemeenteweg,4,Avec blessé(s) leger(s),met lichtgewonden,03,Bicyclette,Fiets,03,Bicyclette,Fiets,3,Entre 2 conducteurs: Par l'arrière,Tussen 2 bestuurders: Langs achteren,0,Pas d’obstacle,Geen hindernis,50.993908,4.691893
2024,10,07,24109,Région flamande,Vlaams Gewest,Province du Brabant flamand,Provincie Vlaams-Brabant,Tremelo,Tremelo,174612.000000,188456.000000,1,Carrefour,Op Kruispunt,1,Normales,Normaal,2,Humide, mouillé, flaques,Nat, plassen,2,Hors agglomération,buiten bebouwde kom,3,Nuit, éclairage public présent et allumé,Nacht, openbare verlichting aanwezig en ontstoken,2,Route communale,Gemeenteweg,3,Avec blessé(s) grave(s),met zwaargewonden,99,inconnu,onbekend,99,inconnu,onbekend,0,51.005793,4.719417
2024,10,08,24094,Région flamande,Vlaams Gewest,Province du Brabant flamand,Provincie Vlaams-Brabant,Rotselaar,Rotselaar,174289.000000,182515.000000,2,Hors carrefour,Buiten Kruispunt,1,Normales,Normaal,1,Sec,Droog,1,En agglomération,binnen bebouwde kom,1,Jour,Dag,2,Route communale,Gemeenteweg,4,Avec blessé(s) leger(s),met lichtgewonden,09,Voiture,personenauto,03,Bicyclette,Fiets,4,Entre 2 conducteurs: Par le côté (avant/derrière-flanc),Tss. 2 best.: langs opzij (voor-/achterkant-flank),0,Pas d’obstacle,Geen hindernis,50.952403,4.71442
2024,10,17,24007,Région flamande,Vlaams Gewest,Province du Brabant flamand,Provincie Vlaams-Brabant,Begijnendijk,Begijnendijk,180941.000000,189058.000000,2,Hors carrefour,Buiten Kruispunt,9,Inconnues, indéterminées,Onbekend,9,Inconnu, indéterminé,Onbekend,2,Hors agglomération,buiten bebouwde kom,2,Aube, crépuscule,Dageraad - schemering,3,Route régionale,Gewestweg,4,Avec blessé(s) leger(s),met lichtgewonden,03,Bicyclette,Fiets,03,Bicyclette,Fiets,4,Entre 2 conducteurs: Par le côté (avant/derrière-flanc),Tss. 2 best.: langs opzij (voor-/achterkant-flank),51.010901,4.809639
2024,10,13,24094,Région flamande,Vlaams Gewest,Province du Brabant flamand,Provincie Vlaams-Brabant,Rotselaar,Rotselaar,176368.000000,183439.000000,2,Hors carrefour,Buiten Kruispunt,1,Normales,Normaal,1,Sec,Droog,1,En agglomération,binnen bebouwde kom,1,Jour,Dag,2,Route communale,Gemeenteweg,4,Avec blessé(s) leger(s),met lichtgewonden,99,inconnu,onbekend,99,inconnu,onbekend,0,Type de collision non mentionné,Geen vermelding van de type aanrijding,-1,Type de collision non mentionné,Geen vermelding van de type aanrijding,50.960618,4.744073
2024,10,19,24109,Région flamande,Vlaams Gewest,Province du Brabant flamand,Provincie Vlaams-Brabant,Tremelo,Tremelo,174613.000000,187443.000000,1,Carrefour,Op Kruispunt,9,Inconnues, indéterminées,Onbekend,9,Inconnu, indéterminé,Onbekend,2,Hors agglomération,buiten bebouwde kom,9,Inconnu, indéterminé,Onbekend,2,Route communale,Gemeenteweg,4,Avec blessé(s) leger(s),met lichtgewonden,09,Voiture,personenauto,03,Bicyclette,Fiets,4,Entre 2 conducteurs: Par le côté (avant/derrière-flanc),Tss. 2 best.: langs opzij (voor-/achterkant-flank),50.996688,4.719363
2024,09,17,23094,Région flamande,Vlaams Gewest,Province du Brabant flamand,Provincie Vlaams-Brabant,Zaventem,Zaventem,,,2,Hors carrefour,Buiten Kruispunt,1,Normales,Normaal,1,Sec,Droog,2,Hors agglomération,buiten bebouwde kom,1,Jour,Dag,3,Route régionale,Gewestweg,4,Avec blessé(s) leger(s),met lichtgewonden,01,Autobus,Autobus,09,Voiture,personenauto,4,Entre 2 conducteurs: Par le côté (avant/derrière-flanc),Tss. 2 best.: langs opzij (voor-/achterkant-flank),0,Pas d’obstacle,Geen hindernis,,
2024,10,08,23094,Région flamande,Vlaams Gewest,Province du Brabant flamand,Provincie Vlaams-Brabant,Zaventem,Zaventem,160340.000000,172540.000000,1,Carrefour,Op Kruispunt,1,Normales,Normaal,1,Sec,Droog,1,En agglomération,binnen bebouwde kom,1,Jour,Dag,3,Route régionale,Gewestweg,4,Avec blessé(s) leger(s),met lichtgewonden,06,Cyclomoteur,Bromfiets,09,Voiture,personenauto,4,Entre 2 conducteurs: Par le côté (avant/derrière-flanc),Tss. 2 best.: langs opzij (voor-/achterkant-flank),0,Pas d’obstacle,Geen hindernis,50.863152,4.515625
2024,09,12,23094,Région flamande,Vlaams Gewest,Province du Brabant flamand,Provincie Vlaams-Brabant,Zaventem,Zaventem,159834.000000,170724.000000,2,Hors carrefour,Buiten Kruispunt,1,Normales,Normaal,1,Sec,Droog,1,En agglomération,binnen bebouwde kom,1,Jour,Dag,2,Route communale,Gemeenteweg,4,Avec blessé(s) leger(s),met lichtgewonden,09,Voiture,personenauto,09,Voiture,personenauto,4,Entre 2 conducteurs: Par le côté (avant/derrière-flanc),Tss. 2 best.: langs opzij (voor-/achterkant-flank),0,Pas d’obstacle,Geen hindernis,50.846836,4.508389
2024,09,08,23094,Région flamande,Vlaams Gewest,Province du Brabant flamand,Provincie Vlaams-Brabant,Zaventem,Zaventem,159762.000000,174693.000000,1,Carrefour,Op Kruispunt,1,Normales,Normaal,1,Sec,Droog,1,En agglomération,binnen bebouwde kom,1,Jour,Dag,3,Route régionale,Gewestweg,4,Avec blessé(s) leger(s),met lichtgewonden,05,Camionnette,Lichte vrachtauto,03,Bicyclette,Fiets,4,Entre 2 conducteurs: Par le côté (avant/derrière-flanc),Tss. 2 best.: langs opzij (voor-/achterkant-flank),0,Pas d’obstacle,Geen hindernis,50.882516,4.507472
2024,09,03,23094,Région flamande,Vlaams Gewest,Province du Brabant flamand,Provincie Vlaams-Brabant,Zaventem,Zaventem,155920.000000,173108.000000,1,Carrefour,Op Kruispunt,1,Normales,Normaal,2,Humide, mouillé, flaques,Nat, plassen,2,Hors agglomération,buiten bebouwde kom,3,Nuit, éclairage public présent et allumé,Nacht, openbare verlichting aanwezig en ontstoken,3,Route régionale,Gewestweg,4,Avec blessé(s) leger(s),met lichtgewonden,09,Voiture,personenauto,11,usager/obstacle,een weggebruiker tegen een hindernis,7,50.86832,4.452851
2024,10,05,23094,Région flamande,Vlaams Gewest,Province du Brabant flamand,Provincie Vlaams-Brabant,Zaventem,Zaventem,156878.000000,174045.000000,2,Hors carrefour,Buiten Kruispunt,1,Normales,Normaal,1,Sec,Droog,1,En agglomération,binnen bebouwde kom,9,Inconnu, indéterminé,Onbekend,2,Route communale,Gemeenteweg,3,Avec blessé(s) grave(s),met zwaargewonden,09,Voiture,personenauto,09,Voiture,personenauto,4,Entre 2 conducteurs: Par le côté (avant/derrière-flanc),Tss. 2 best.: langs opzij (voor-/achterkant-flank),0,Pas d’obstacle,50.876732,4.466478
2024,10,23,23094,Région flamande,Vlaams Gewest,Province du Brabant flamand,Provincie Vlaams-Brabant,Zaventem,Zaventem,160028.000000,172532.000000,1,Carrefour,Op Kruispunt,1,Normales,Normaal,1,Sec,Droog,1,En agglomération,binnen bebouwde kom,4,Nuit, pas d'éclairage public présent,Nacht, geen openbare verlichting aanwezig,2,Route communale,Gemeenteweg,4,Avec blessé(s) leger(s),met lichtgewonden,09,Voiture,personenauto,11,usager/obstacle,een weggebruiker tegen een hindernis,7,Usager contre obstacle situé hors chaussée,Weggebruiker tegen hindernis buiten rijbaan,65,50.863085,4.511193
2024,10,08,23094,Région flamande,Vlaams Gewest,Province du Brabant flamand,Provincie Vlaams-Brabant,Zaventem,Zaventem,159790.000000,174017.000000,1,Carrefour,Op Kruispunt,2,Pluie,Regenval,2,Humide, mouillé, flaques,Nat, plassen,1,En agglomération,binnen bebouwde kom,1,Jour,Dag,3,Route régionale,Gewestweg,4,Avec blessé(s) leger(s),met lichtgewonden,09,Voiture,personenauto,09,Voiture,personenauto,4,Entre 2 conducteurs: Par le côté (avant/derrière-flanc),Tss. 2 best.: langs opzij (voor-/achterkant-flank),50.876439,4.507852
2024,10,08,23094,Région flamande,Vlaams Gewest,Province du Brabant flamand,Provincie Vlaams-Brabant,Zaventem,Zaventem,,,2,Hors carrefour,Buiten Kruispunt,9,Inconnues, indéterminées,Onbekend,9,Inconnu, indéterminé,Onbekend,1,En agglomération,binnen bebouwde kom,2,Aube, crépuscule,Dageraad - schemering,3,Route régionale,Gewestweg,4,Avec blessé(s) leger(s),met lichtgewonden,09,Voiture,personenauto,08,Piéton,Voetganger,5,Avec un piéton,Met een voetganger,,
2024,09,11,23094,Région flamande,Vlaams Gewest,Province du Brabant flamand,Provincie Vlaams-Brabant,Zaventem,Zaventem,158170.000000,173894.000000,2,Hors carrefour,Buiten Kruispunt,1,Normales,Normaal,1,Sec,Droog,2,Hors agglomération,buiten bebouwde kom,1,Jour,Dag,2,Route communale,Gemeenteweg,4,Avec blessé(s) leger(s),met lichtgewonden,99,inconnu,onbekend,99,inconnu,onbekend,0,Type de collision non mentionné,Geen vermelding van de type aanrijding,-1,Type de collision non mentionné,Geen vermelding van de type aanrijding,50.875358,4.484832
2024,09,09,23094,Région flamande,Vlaams Gewest,Province du Brabant flamand,Provincie Vlaams-Brabant,Zaventem,Zaventem,158217.000000,173241.000000,2,Hors carrefour,Buiten Kruispunt,9,Inconnues, indéterminées,Onbekend,9,Inconnu, indéterminé,Onbekend,2,Hors agglomération,buiten bebouwde kom,1,Jour,Dag,1,Autoroute,Autosnelweg,4,Avec blessé(s) leger(s),met lichtgewonden,09,Voiture,personenauto,09,Voiture,personenauto,3,Entre 2 conducteurs: Par l'arrière,Tussen 2 bestuurders: Langs achteren,0,50.869487,4.485485
2024,09,10,23094,Région flamande,Vlaams Gewest,Province du Brabant flamand,Provincie Vlaams-Brabant,Zaventem,Zaventem,157624.000000,174590.000000,2,Hors carrefour,Buiten Kruispunt,1,Normales,Normaal,1,Sec,Droog,1,En agglomération,binnen bebouwde kom,1,Jour,Dag,2,Route communale,Gemeenteweg,3,Avec blessé(s) grave(s),met zwaargewonden,05,Camionnette,Lichte vrachtauto,08,Piéton,Voetganger,5,Avec un piéton,Met een voetganger,0,Pas d’obstacle,Geen hindernis,50.881622,4.477089
2024,09,19,23094,Région flamande,Vlaams Gewest,Province du Brabant flamand,Provincie Vlaams-Brabant,Zaventem,Zaventem,159765.000000,174211.000000,1,Carrefour,Op Kruispunt,2,Pluie,Regenval,2,Humide, mouillé, flaques,Nat, plassen,1,En agglomération,binnen bebouwde kom,2,Aube, crépuscule,Dageraad - schemering,3,Route régionale,Gewestweg,4,Avec blessé(s) leger(s),met lichtgewonden,09,Voiture,personenauto,09,Voiture,personenauto,4,Entre 2 conducteurs: Par le côté (avant/derrière-flanc),50.878183,4.507502
2024,08,09,23094,Région flamande,Vlaams Gewest,Province du Brabant flamand,Provincie Vlaams-Brabant,Zaventem,Zaventem,160296.000000,172712.000000,2,Hors carrefour,Buiten Kruispunt,1,Normales,Normaal,2,Humide, mouillé, flaques,Nat, plassen,2,Hors agglomération,buiten bebouwde kom,1,Jour,Dag,3,Route régionale,Gewestweg,4,Avec blessé(s) leger(s),met lichtgewonden,03,Bicyclette,Fiets,06,Cyclomoteur,Bromfiets,2,Entre 2 conducteurs: Collision frontale,Tussen 2 bestuurders: Frontale botsing,50.864699,4.515005
2024,09,07,23094,Région flamande,Vlaams Gewest,Province du Brabant flamand,Provincie Vlaams-Brabant,Zaventem,Zaventem,159770.000000,174640.000000,2,Hors carrefour,Buiten Kruispunt,1,Normales,Normaal,2,Humide, mouillé, flaques,Nat, plassen,1,En agglomération,binnen bebouwde kom,2,Aube, crépuscule,Dageraad - schemering,3,Route régionale,Gewestweg,4,Avec blessé(s) leger(s),met lichtgewonden,09,Voiture,personenauto,08,Piéton,Voetganger,5,Avec un piéton,50.88204,4.507585
2024,09,08,24055,Région flamande,Vlaams Gewest,Province du Brabant flamand,Provincie Vlaams-Brabant,Kortenberg,Kortenberg,162120.000000,175415.000000,1,Carrefour,Op Kruispunt,9,Inconnues, indéterminées,Onbekend,9,Inconnu, indéterminé,Onbekend,1,En agglomération,binnen bebouwde kom,1,Jour,Dag,2,Route communale,Gemeenteweg,4,Avec blessé(s) leger(s),met lichtgewonden,02,Autres,Andere weggebruiker,10,usager seul,één bestuurder, geen hindernis,8,Un seul usager, pas d'obstacle (chute incl.),50.888962,4.541004
2024,10,17,23094,Région flamande,Vlaams Gewest,Province du Brabant flamand,Provincie Vlaams-Brabant,Zaventem,Zaventem,155762.000000,171829.000000,2,Hors carrefour,Buiten Kruispunt,1,Normales,Normaal,1,Sec,Droog,1,En agglomération,binnen bebouwde kom,1,Jour,Dag,2,Route communale,Gemeenteweg,4,Avec blessé(s) leger(s),met lichtgewonden,09,Voiture,personenauto,99,inconnu,onbekend,4,Entre 2 conducteurs: Par le côté (avant/derrière-flanc),Tss. 2 best.: langs opzij (voor-/achterkant-flank),0,Pas d’obstacle,Geen hindernis,50.856824,4.450587
2024,10,13,23099,Région flamande,Vlaams Gewest,Province du Brabant flamand,Provincie Vlaams-Brabant,Kraainem,Kraainem,156958.000000,170869.000000,2,Hors carrefour,Buiten Kruispunt,1,Normales,Normaal,1,Sec,Droog,1,En agglomération,binnen bebouwde kom,1,Jour,Dag,3,Route régionale,Gewestweg,4,Avec blessé(s) leger(s),met lichtgewonden,09,Voiture,personenauto,09,Voiture,personenauto,1,Collision en chaîne (3 conducteurs ou plus),Kettingbotsing (3 bestuurders of meer),0,Pas d’obstacle,Geen hindernis,50.848181,4.467554
2024,10,13,23099,Région flamande,Vlaams Gewest,Province du Brabant flamand,Provincie Vlaams-Brabant,Kraainem,Kraainem,157768.000000,168105.000000,1,Carrefour,Op Kruispunt,9,Inconnues, indéterminées,Onbekend,2,Humide, mouillé, flaques,Nat, plassen,2,Hors agglomération,buiten bebouwde kom,1,Jour,Dag,3,Route régionale,Gewestweg,4,Avec blessé(s) leger(s),met lichtgewonden,05,Camionnette,Lichte vrachtauto,04,Camion,Vrachtwagen,4,Entre 2 conducteurs: Par le côté (avant/derrière-flanc),50.823324,4.478998
2024,08,20,23099,Région flamande,Vlaams Gewest,Province du Brabant flamand,Provincie Vlaams-Brabant,Kraainem,Kraainem,,,1,Carrefour,Op Kruispunt,1,Normales,Normaal,1,Sec,Droog,1,En agglomération,binnen bebouwde kom,3,Nuit, éclairage public présent et allumé,Nacht, openbare verlichting aanwezig en ontstoken,2,Route communale,Gemeenteweg,4,Avec blessé(s) leger(s),met lichtgewonden,99,inconnu,onbekend,99,inconnu,onbekend,0,Type de collision non mentionné,Geen vermelding van de type aanrijding,-1,,
2024,09,12,23103,Région flamande,Vlaams Gewest,Province du Brabant flamand,Provincie Vlaams-Brabant,Wezembeek-Oppem,Wezembeek-Oppem,,,1,Carrefour,Op Kruispunt,1,Normales,Normaal,1,Sec,Droog,1,En agglomération,binnen bebouwde kom,1,Jour,Dag,2,Route communale,Gemeenteweg,4,Avec blessé(s) leger(s),met lichtgewonden,03,Bicyclette,Fiets,09,Voiture,personenauto,4,Entre 2 conducteurs: Par le côté (avant/derrière-flanc),Tss. 2 best.: langs opzij (voor-/achterkant-flank),0,Pas d’obstacle,Geen hindernis,,
2024,09,15,23103,Région flamande,Vlaams Gewest,Province du Brabant flamand,Provincie Vlaams-Brabant,Wezembeek-Oppem,Wezembeek-Oppem,,,1,Carrefour,Op Kruispunt,1,Normales,Normaal,1,Sec,Droog,1,En agglomération,binnen bebouwde kom,1,Jour,Dag,3,Route régionale,Gewestweg,4,Avec blessé(s) leger(s),met lichtgewonden,09,Voiture,personenauto,11,usager/obstacle,een weggebruiker tegen een hindernis,7,Usager contre obstacle situé hors chaussée,Weggebruiker tegen hindernis buiten rijbaan,63,Hors chaussée: Barrière sécurité non franchie,Buiten de rijbaan: Vangrails niet overgestoken,,
2024,09,14,23099,Région flamande,Vlaams Gewest,Province du Brabant flamand,Provincie Vlaams-Brabant,Kraainem,Kraainem,157221.000000,168961.000000,2,Hors carrefour,Buiten Kruispunt,1,Normales,Normaal,1,Sec,Droog,1,En agglomération,binnen bebouwde kom,1,Jour,Dag,2,Route communale,Gemeenteweg,4,Avec blessé(s) leger(s),met lichtgewonden,06,Cyclomoteur,Bromfiets,09,Voiture,personenauto,4,Entre 2 conducteurs: Par le côté (avant/derrière-flanc),Tss. 2 best.: langs opzij (voor-/achterkant-flank),0,Pas d’obstacle,Geen hindernis,50.831026,4.471251
2024,09,19,23103,Région flamande,Vlaams Gewest,Province du Brabant flamand,Provincie Vlaams-Brabant,Wezembeek-Oppem,Wezembeek-Oppem,,,1,Carrefour,Op Kruispunt,1,Normales,Normaal,1,Sec,Droog,1,En agglomération,binnen bebouwde kom,1,Jour,Dag,3,Route régionale,Gewestweg,4,Avec blessé(s) leger(s),met lichtgewonden,09,Voiture,personenauto,07,Motocyclette,Motorfiets,4,Entre 2 conducteurs: Par le côté (avant/derrière-flanc),Tss. 2 best.: langs opzij (voor-/achterkant-flank),0,Pas d’obstacle,Geen hindernis,,
2024,10,06,23033,Région flamande,Vlaams Gewest,Province du Brabant flamand,Provincie Vlaams-Brabant,Hoeilaart,Hoeilaart,155555.000000,161676.000000,2,Hors carrefour,Buiten Kruispunt,1,Normales,Normaal,1,Sec,Droog,2,Hors agglomération,buiten bebouwde kom,3,Nuit, éclairage public présent et allumé,Nacht, openbare verlichting aanwezig en ontstoken,3,Route régionale,Gewestweg,4,Avec blessé(s) leger(s),met lichtgewonden,09,Voiture,personenauto,04,Camion,Vrachtwagen,A,Entre 2 conducteurs: Flanc contre flanc,Tussen 2 bestuurders: Flank tegen flank,0,50.765555,4.447492
2024,10,01,23033,Région flamande,Vlaams Gewest,Province du Brabant flamand,Provincie Vlaams-Brabant,Hoeilaart,Hoeilaart,154601.000000,161716.000000,2,Hors carrefour,Buiten Kruispunt,9,Inconnues, indéterminées,Onbekend,1,Sec,Droog,2,Hors agglomération,buiten bebouwde kom,4,Nuit, pas d'éclairage public présent,Nacht, geen openbare verlichting aanwezig,2,Route communale,Gemeenteweg,4,Avec blessé(s) leger(s),met lichtgewonden,09,Voiture,personenauto,11,usager/obstacle,een weggebruiker tegen een hindernis,7,Usager contre obstacle situé hors chaussée,Weggebruiker tegen hindernis buiten rijbaan,50.765923,4.43397
2024,09,02,23033,Région flamande,Vlaams Gewest,Province du Brabant flamand,Provincie Vlaams-Brabant,Hoeilaart,Hoeilaart,157248.000000,161820.000000,2,Hors carrefour,Buiten Kruispunt,1,Normales,Normaal,1,Sec,Droog,1,En agglomération,binnen bebouwde kom,3,Nuit, éclairage public présent et allumé,Nacht, openbare verlichting aanwezig en ontstoken,2,Route communale,Gemeenteweg,4,Avec blessé(s) leger(s),met lichtgewonden,99,inconnu,onbekend,11,usager/obstacle,een weggebruiker tegen een hindernis,7,Usager contre obstacle situé hors chaussée,Weggebruiker tegen hindernis buiten rijbaan,65,50.766831,4.471493
2024,10,18,23062,Région flamande,Vlaams Gewest,Province du Brabant flamand,Provincie Vlaams-Brabant,Overijse,Overijse,158336.000000,164578.000000,2,Hors carrefour,Buiten Kruispunt,2,Pluie,Regenval,2,Humide, mouillé, flaques,Nat, plassen,1,En agglomération,binnen bebouwde kom,2,Aube, crépuscule,Dageraad - schemering,3,Route régionale,Gewestweg,4,Avec blessé(s) leger(s),met lichtgewonden,09,Voiture,personenauto,03,Bicyclette,Fiets,4,Entre 2 conducteurs: Par le côté (avant/derrière-flanc),50.791609,4.486979
2024,10,10,23062,Région flamande,Vlaams Gewest,Province du Brabant flamand,Provincie Vlaams-Brabant,Overijse,Overijse,160721.000000,159857.000000,2,Hors carrefour,Buiten Kruispunt,1,Normales,Normaal,1,Sec,Droog,1,En agglomération,binnen bebouwde kom,1,Jour,Dag,3,Route régionale,Gewestweg,4,Avec blessé(s) leger(s),met lichtgewonden,07,Motocyclette,Motorfiets,09,Voiture,personenauto,4,Entre 2 conducteurs: Par le côté (avant/derrière-flanc),Tss. 2 best.: langs opzij (voor-/achterkant-flank),0,Pas d’obstacle,Geen hindernis,50.74913,4.520667