DT_YEAR_COLLISION,DT_MONTH_COLLISION,DT_TIME,CD_NIS,TX_RGN_COLLISION_FR,TX_RGN_COLLISION_NL,TX_PROV_COLLISION_FR,TX_PROV_COLLISION_NL,TX_MUNTY_COLLISION_FR,TX_MUNTY_COLLISION_NL,MS_X_COORD,MS_Y_COORD,CD_CROSSWAY,TX_CROSSWAY_FR,TX_CROSSWAY_NL,CD_WEATHER,TX_WEATHER_FR,TX_WEATHER_NL,CD_ROAD_CONDITION,TX_ROAD_CONDITION_FR,TX_ROAD_CONDITION_NL,CD_BUILD_UP_AREA,TX_BUILD_UP_AREA_FR,TX_BUILD_UP_AREA_NL,CD_LIGHT_CONDITION,TX_LIGHT_CONDITION_FR,TX_LIGHT_CONDITION_NL,CD_ROAD_TYPE,CD_ROAD_TYPE_FR,CD_ROAD_TYPE_NL,CD_CLASS_ACCIDENTS,TX_CLASS_ACCIDENTS_FR,TX_CLASS_ACCIDENTS_NL,CD_ROAD_USR_TYPE1,TX_ROAD_USR_TYPE1_FR,TX_ROAD_USR_TYPE1_NL,CD_ROAD_USR_TYPE2,TX_ROAD_USR_TYPE2_FR,TX_ROAD_USR_TYPE2_NL,CD_COLLISION_TYPE,TX_COLLISON_TYPE_FR,TX_COLLISION_TYPE_NL,CD_OBSTACLES,TX_OBSTACLES_FR,TX_OBSTACLES_NL,LAT,LON
2024,10,08,44021,Région flamande,Vlaams Gewest,Province de Flandre orientale,Provincie Oost-Vlaanderen,Gand,Gent,104891.000000,191779.000000,1,Carrefour,Op Kruispunt,1,Normales,Normaal,1,Sec,Droog,1,En agglomération,binnen bebouwde kom,1,Jour,Dag,2,Route communale,Gemeenteweg,4,Avec blessé(s) leger(s),met lichtgewonden,99,inconnu,onbekend,99,inconnu,onbekend,9,Autre ou inconnu,Andere of onbekend,-3,Présence d'obstacle non mentionnée,Geen vermelding van de aanwezigheid van een hindernis,51.034436,3.725661
2024,10,13,44021,Région flamande,Vlaams Gewest,Province de Flandre orientale,Provincie Oost-Vlaanderen,Gand,Gent,104454.000000,189905.000000,1,Carrefour,Op Kruispunt,1,Normales,Normaal,1,Sec,Droog,1,En agglomération,binnen bebouwde kom,1,Jour,Dag,2,Route communale,Gemeenteweg,4,Avec blessé(s) leger(s),met lichtgewonden,03,Bicyclette,Fiets,10,usager seul,één bestuurder, geen hindernis,8,Un seul usager, pas d'obstacle (chute incl.),Eén bestuurder, geen hindernis (incl. val),51.017557,3.719664
2024,10,08,44021,Région flamande,Vlaams Gewest,Province de Flandre orientale,Provincie Oost-Vlaanderen,Gand,Gent,106812.000000,193154.000000,2,Hors carrefour,Buiten Kruispunt,2,Pluie,Regenval,2,Humide, mouillé, flaques,Nat, plassen,1,En agglomération,binnen bebouwde kom,1,Jour,Dag,2,Route communale,Gemeenteweg,4,Avec blessé(s) leger(s),met lichtgewonden,09,Voiture,personenauto,09,Voiture,personenauto,2,Entre 2 conducteurs: Collision frontale,Tussen 2 bestuurders: Frontale botsing,51.046942,3.752884
2024,10,13,44021,Région flamande,Vlaams Gewest,Province de Flandre orientale,Provincie Oost-Vlaanderen,Gand,Gent,102959.000000,195535.000000,2,Hors carrefour,Buiten Kruispunt,1,Normales,Normaal,1,Sec,Droog,1,En agglomération,binnen bebouwde kom,1,Jour,Dag,3,Route régionale,Gewestweg,2,Mortellement blessé(s),dodelijk gewonden,01,Autobus,Autobus,03,Bicyclette,Fiets,4,Entre 2 conducteurs: Par le côté (avant/derrière-flanc),Tss. 2 best.: langs opzij (voor-/achterkant-flank),0,Pas d’obstacle,Geen hindernis,51.068044,3.697635
2024,10,15,44021,Région flamande,Vlaams Gewest,Province de Flandre orientale,Provincie Oost-Vlaanderen,Gand,Gent,108050.000000,197416.000000,1,Carrefour,Op Kruispunt,1,Normales,Normaal,1,Sec,Droog,1,En agglomération,binnen bebouwde kom,1,Jour,Dag,2,Route communale,Gemeenteweg,4,Avec blessé(s) leger(s),met lichtgewonden,03,Bicyclette,Fiets,99,inconnu,onbekend,4,Entre 2 conducteurs: Par le côté (avant/derrière-flanc),Tss. 2 best.: langs opzij (voor-/achterkant-flank),0,Pas d’obstacle,Geen hindernis,51.085342,3.770048
2024,10,12,44021,Région flamande,Vlaams Gewest,Province de Flandre orientale,Provincie Oost-Vlaanderen,Gand,Gent,107099.000000,191103.000000,2,Hors carrefour,Buiten Kruispunt,1,Normales,Normaal,1,Sec,Droog,1,En agglomération,binnen bebouwde kom,1,Jour,Dag,2,Route communale,Gemeenteweg,4,Avec blessé(s) leger(s),met lichtgewonden,99,inconnu,onbekend,99,inconnu,onbekend,9,Autre ou inconnu,Andere of onbekend,-3,Présence d'obstacle non mentionnée,Geen vermelding van de aanwezigheid van een hindernis,51.028528,3.757217
2024,10,15,44021,Région flamande,Vlaams Gewest,Province de Flandre orientale,Provincie Oost-Vlaanderen,Gand,Gent,104290.000000,190738.000000,1,Carrefour,Op Kruispunt,1,Normales,Normaal,1,Sec,Droog,2,Hors agglomération,buiten bebouwde kom,1,Jour,Dag,2,Route communale,Gemeenteweg,4,Avec blessé(s) leger(s),met lichtgewonden,09,Voiture,personenauto,04,Camion,Vrachtwagen,4,Entre 2 conducteurs: Par le côté (avant/derrière-flanc),Tss. 2 best.: langs opzij (voor-/achterkant-flank),0,Pas d’obstacle,Geen hindernis,51.025032,3.717223
2024,10,13,44021,Région flamande,Vlaams Gewest,Province de Flandre orientale,Provincie Oost-Vlaanderen,Gand,Gent,101489.000000,193910.000000,1,Carrefour,Op Kruispunt,1,Normales,Normaal,1,Sec,Droog,2,Hors agglomération,buiten bebouwde kom,1,Jour,Dag,2,Route communale,Gemeenteweg,4,Avec blessé(s) leger(s),met lichtgewonden,09,Voiture,personenauto,09,Voiture,personenauto,4,Entre 2 conducteurs: Par le côté (avant/derrière-flanc),Tss. 2 best.: langs opzij (voor-/achterkant-flank),0,Pas d’obstacle,Geen hindernis,51.053316,3.67688
2024,10,21,44021,Région flamande,Vlaams Gewest,Province de Flandre orientale,Provincie Oost-Vlaanderen,Gand,Gent,104445.000000,192635.000000,1,Carrefour,Op Kruispunt,1,Normales,Normaal,1,Sec,Droog,1,En agglomération,binnen bebouwde kom,3,Nuit, éclairage public présent et allumé,Nacht, openbare verlichting aanwezig en ontstoken,3,Route régionale,Gewestweg,4,Avec blessé(s) leger(s),met lichtgewonden,03,Bicyclette,Fiets,08,Piéton,Voetganger,5,Avec un piéton,Met een voetganger,0,51.042096,3.719196
2024,10,16,44021,Région flamande,Vlaams Gewest,Province de Flandre orientale,Provincie Oost-Vlaanderen,Gand,Gent,104233.000000,194217.000000,2,Hors carrefour,Buiten Kruispunt,1,Normales,Normaal,1,Sec,Droog,1,En agglomération,binnen bebouwde kom,1,Jour,Dag,2,Route communale,Gemeenteweg,4,Avec blessé(s) leger(s),met lichtgewonden,03,Bicyclette,Fiets,06,Cyclomoteur,Bromfiets,4,Entre 2 conducteurs: Par le côté (avant/derrière-flanc),Tss. 2 best.: langs opzij (voor-/achterkant-flank),0,Pas d’obstacle,Geen hindernis,51.056299,3.715975
2024,10,16,44021,Région flamande,Vlaams Gewest,Province de Flandre orientale,Provincie Oost-Vlaanderen,Gand,Gent,105192.000000,190700.000000,2,Hors carrefour,Buiten Kruispunt,1,Normales,Normaal,5,Sale (sable, gravier, feuilles,...),Vuil (zand, grint, bladeren,...),2,Hors agglomération,buiten bebouwde kom,1,Jour,Dag,2,Route communale,Gemeenteweg,4,Avec blessé(s) leger(s),met lichtgewonden,08,Piéton,Voetganger,03,Bicyclette,Fiets,51.024761,3.730084
2024,10,16,44021,Région flamande,Vlaams Gewest,Province de Flandre orientale,Provincie Oost-Vlaanderen,Gand,Gent,101593.000000,190228.000000,2,Hors carrefour,Buiten Kruispunt,1,Normales,Normaal,1,Sec,Droog,2,Hors agglomération,buiten bebouwde kom,1,Jour,Dag,2,Route communale,Gemeenteweg,4,Avec blessé(s) leger(s),met lichtgewonden,03,Bicyclette,Fiets,03,Bicyclette,Fiets,3,Entre 2 conducteurs: Par l'arrière,Tussen 2 bestuurders: Langs achteren,0,Pas d’obstacle,Geen hindernis,51.020229,3.678851
2024,09,19,44021,Région flamande,Vlaams Gewest,Province de Flandre orientale,Provincie Oost-Vlaanderen,Gand,Gent,105111.000000,193686.000000,1,Carrefour,Op Kruispunt,2,Pluie,Regenval,2,Humide, mouillé, flaques,Nat, plassen,1,En agglomération,binnen bebouwde kom,1,Jour,Dag,2,Route communale,Gemeenteweg,3,Avec blessé(s) grave(s),met zwaargewonden,03,Bicyclette,Fiets,10,usager seul,één bestuurder, geen hindernis,8,Un seul usager,51.051595,3.728563
2024,09,20,44021,Région flamande,Vlaams Gewest,Province de Flandre orientale,Provincie Oost-Vlaanderen,Gand,Gent,104888.000000,194655.000000,2,Hors carrefour,Buiten Kruispunt,1,Normales,Normaal,1,Sec,Droog,1,En agglomération,binnen bebouwde kom,3,Nuit, éclairage public présent et allumé,Nacht, openbare verlichting aanwezig en ontstoken,2,Route communale,Gemeenteweg,3,Avec blessé(s) grave(s),met zwaargewonden,03,Bicyclette,Fiets,09,Voiture,personenauto,A,Entre 2 conducteurs: Flanc contre flanc,Tussen 2 bestuurders: Flank tegen flank,0,51.060287,3.725263
2024,09,01,44021,Région flamande,Vlaams Gewest,Province de Flandre orientale,Provincie Oost-Vlaanderen,Gand,Gent,105018.000000,194831.000000,2,Hors carrefour,Buiten Kruispunt,1,Normales,Normaal,9,Inconnu, indéterminé,Onbekend,1,En agglomération,binnen bebouwde kom,3,Nuit, éclairage public présent et allumé,Nacht, openbare verlichting aanwezig en ontstoken,2,Route communale,Gemeenteweg,4,Avec blessé(s) leger(s),met lichtgewonden,03,Bicyclette,Fiets,08,Piéton,Voetganger,5,Avec un piéton,Met een voetganger,51.061879,3.727096
2024,09,22,44021,Région flamande,Vlaams Gewest,Province de Flandre orientale,Provincie Oost-Vlaanderen,Gand,Gent,105829.000000,193092.000000,2,Hors carrefour,Buiten Kruispunt,1,Normales,Normaal,1,Sec,Droog,1,En agglomération,binnen bebouwde kom,3,Nuit, éclairage public présent et allumé,Nacht, openbare verlichting aanwezig en ontstoken,2,Route communale,Gemeenteweg,3,Avec blessé(s) grave(s),met zwaargewonden,03,Bicyclette,Fiets,10,usager seul,één bestuurder, geen hindernis,8,Un seul usager, pas d'obstacle (chute incl.),51.046311,3.738874
2024,10,18,44021,Région flamande,Vlaams Gewest,Province de Flandre orientale,Provincie Oost-Vlaanderen,Gand,Gent,103790.000000,193706.000000,2,Hors carrefour,Buiten Kruispunt,1,Normales,Normaal,1,Sec,Droog,1,En agglomération,binnen bebouwde kom,2,Aube, crépuscule,Dageraad - schemering,2,Route communale,Gemeenteweg,4,Avec blessé(s) leger(s),met lichtgewonden,03,Bicyclette,Fiets,09,Voiture,personenauto,A,Entre 2 conducteurs: Flanc contre flanc,Tussen 2 bestuurders: Flank tegen flank,0,Pas d’obstacle,51.051671,3.709722
2024,10,21,44021,Région flamande,Vlaams Gewest,Province de Flandre orientale,Provincie Oost-Vlaanderen,Gand,Gent,104015.000000,194614.000000,2,Hors carrefour,Buiten Kruispunt,9,Inconnues, indéterminées,Onbekend,1,Sec,Droog,1,En agglomération,binnen bebouwde kom,3,Nuit, éclairage public présent et allumé,Nacht, openbare verlichting aanwezig en ontstoken,3,Route régionale,Gewestweg,4,Avec blessé(s) leger(s),met lichtgewonden,03,Bicyclette,Fiets,06,Cyclomoteur,Bromfiets,2,Entre 2 conducteurs: Collision frontale,Tussen 2 bestuurders: Frontale botsing,51.05985,3.712816
2024,10,07,44021,Région flamande,Vlaams Gewest,Province de Flandre orientale,Provincie Oost-Vlaanderen,Gand,Gent,109032.000000,202197.000000,2,Hors carrefour,Buiten Kruispunt,1,Normales,Normaal,1,Sec,Droog,2,Hors agglomération,buiten bebouwde kom,2,Aube, crépuscule,Dageraad - schemering,3,Route régionale,Gewestweg,4,Avec blessé(s) leger(s),met lichtgewonden,09,Voiture,personenauto,11,usager/obstacle,een weggebruiker tegen een hindernis,7,Usager contre obstacle situé hors chaussée,Weggebruiker tegen hindernis buiten rijbaan,61,Hors chaussée: Autre poteau,51.128387,3.783525
2024,10,20,44021,Région flamande,Vlaams Gewest,Province de Flandre orientale,Provincie Oost-Vlaanderen,Gand,Gent,104876.000000,191131.000000,1,Carrefour,Op Kruispunt,2,Pluie,Regenval,2,Humide, mouillé, flaques,Nat, plassen,1,En agglomération,binnen bebouwde kom,3,Nuit, éclairage public présent et allumé,Nacht, openbare verlichting aanwezig en ontstoken,2,Route communale,Gemeenteweg,4,Avec blessé(s) leger(s),met lichtgewonden,03,Bicyclette,Fiets,09,Voiture,personenauto,4,51.028611,3.725527
2024,10,00,44021,Région flamande,Vlaams Gewest,Province de Flandre orientale,Provincie Oost-Vlaanderen,Gand,Gent,105156.000000,195244.000000,2,Hors carrefour,Buiten Kruispunt,1,Normales,Normaal,1,Sec,Droog,1,En agglomération,binnen bebouwde kom,3,Nuit, éclairage public présent et allumé,Nacht, openbare verlichting aanwezig en ontstoken,2,Route communale,Gemeenteweg,4,Avec blessé(s) leger(s),met lichtgewonden,99,inconnu,onbekend,99,inconnu,onbekend,0,Type de collision non mentionné,Geen vermelding van de type aanrijding,-1,51.065602,3.729013
2024,10,00,44021,Région flamande,Vlaams Gewest,Province de Flandre orientale,Provincie Oost-Vlaanderen,Gand,Gent,105020.000000,194136.000000,2,Hors carrefour,Buiten Kruispunt,1,Normales,Normaal,1,Sec,Droog,1,En agglomération,binnen bebouwde kom,3,Nuit, éclairage public présent et allumé,Nacht, openbare verlichting aanwezig en ontstoken,2,Route communale,Gemeenteweg,4,Avec blessé(s) leger(s),met lichtgewonden,09,Voiture,personenauto,03,Bicyclette,Fiets,A,Entre 2 conducteurs: Flanc contre flanc,Tussen 2 bestuurders: Flank tegen flank,0,51.055633,3.72721
2024,10,13,44021,Région flamande,Vlaams Gewest,Province de Flandre orientale,Provincie Oost-Vlaanderen,Gand,Gent,104804.000000,198200.000000,2,Hors carrefour,Buiten Kruispunt,1,Normales,Normaal,1,Sec,Droog,2,Hors agglomération,buiten bebouwde kom,1,Jour,Dag,3,Route régionale,Gewestweg,4,Avec blessé(s) leger(s),met lichtgewonden,09,Voiture,personenauto,07,Motocyclette,Motorfiets,A,Entre 2 conducteurs: Flanc contre flanc,Tussen 2 bestuurders: Flank tegen flank,0,Pas d’obstacle,Geen hindernis,51.092145,3.723626
2024,10,20,44021,Région flamande,Vlaams Gewest,Province de Flandre orientale,Provincie Oost-Vlaanderen,Gand,Gent,106363.000000,193209.000000,1,Carrefour,Op Kruispunt,1,Normales,Normaal,1,Sec,Droog,1,En agglomération,binnen bebouwde kom,4,Nuit, pas d'éclairage public présent,Nacht, geen openbare verlichting aanwezig,2,Route communale,Gemeenteweg,4,Avec blessé(s) leger(s),met lichtgewonden,06,Cyclomoteur,Bromfiets,03,Bicyclette,Fiets,A,Entre 2 conducteurs: Flanc contre flanc,Tussen 2 bestuurders: Flank tegen flank,0,51.047403,3.746475
2024,10,14,44021,Région flamande,Vlaams Gewest,Province de Flandre orientale,Provincie Oost-Vlaanderen,Gand,Gent,104570.000000,188657.000000,2,Hors carrefour,Buiten Kruispunt,1,Normales,Normaal,1,Sec,Droog,1,En agglomération,binnen bebouwde kom,1,Jour,Dag,2,Route communale,Gemeenteweg,4,Avec blessé(s) leger(s),met lichtgewonden,03,Bicyclette,Fiets,04,Camion,Vrachtwagen,3,Entre 2 conducteurs: Par l'arrière,Tussen 2 bestuurders: Langs achteren,0,Pas d’obstacle,Geen hindernis,51.006349,3.721472
2024,10,14,44021,Région flamande,Vlaams Gewest,Province de Flandre orientale,Provincie Oost-Vlaanderen,Gand,Gent,105833.000000,192104.000000,1,Carrefour,Op Kruispunt,1,Normales,Normaal,1,Sec,Droog,2,Hors agglomération,buiten bebouwde kom,1,Jour,Dag,2,Route communale,Gemeenteweg,4,Avec blessé(s) leger(s),met lichtgewonden,03,Bicyclette,Fiets,02,Autres,Andere weggebruiker,2,Entre 2 conducteurs: Collision frontale,Tussen 2 bestuurders: Frontale botsing,0,Pas d’obstacle,Geen hindernis,51.03743,3.73905
2024,10,00,44021,Région flamande,Vlaams Gewest,Province de Flandre orientale,Provincie Oost-Vlaanderen,Gand,Gent,105017.000000,193285.000000,1,Carrefour,Op Kruispunt,1,Normales,Normaal,1,Sec,Droog,1,En agglomération,binnen bebouwde kom,3,Nuit, éclairage public présent et allumé,Nacht, openbare verlichting aanwezig en ontstoken,2,Route communale,Gemeenteweg,3,Avec blessé(s) grave(s),met zwaargewonden,03,Bicyclette,Fiets,03,Bicyclette,Fiets,A,Entre 2 conducteurs: Flanc contre flanc,Tussen 2 bestuurders: Flank tegen flank,0,51.047983,3.727272
2024,10,16,44021,Région flamande,Vlaams Gewest,Province de Flandre orientale,Provincie Oost-Vlaanderen,Gand,Gent,101467.000000,193413.000000,2,Hors carrefour,Buiten Kruispunt,1,Normales,Normaal,1,Sec,Droog,2,Hors agglomération,buiten bebouwde kom,1,Jour,Dag,1,Autoroute,Autosnelweg,4,Avec blessé(s) leger(s),met lichtgewonden,03,Bicyclette,Fiets,03,Bicyclette,Fiets,2,Entre 2 conducteurs: Collision frontale,Tussen 2 bestuurders: Frontale botsing,0,Pas d’obstacle,Geen hindernis,51.048847,3.676633
2024,10,16,44021,Région flamande,Vlaams Gewest,Province de Flandre orientale,Provincie Oost-Vlaanderen,Gand,Gent,100276.000000,189793.000000,2,Hors carrefour,Buiten Kruispunt,1,Normales,Normaal,1,Sec,Droog,1,En agglomération,binnen bebouwde kom,1,Jour,Dag,3,Route régionale,Gewestweg,4,Avec blessé(s) leger(s),met lichtgewonden,09,Voiture,personenauto,06,Cyclomoteur,Bromfiets,4,Entre 2 conducteurs: Par le côté (avant/derrière-flanc),Tss. 2 best.: langs opzij (voor-/achterkant-flank),0,Pas d’obstacle,Geen hindernis,51.016208,3.660141
2024,10,09,44021,Région flamande,Vlaams Gewest,Province de Flandre orientale,Provincie Oost-Vlaanderen,Gand,Gent,103910.000000,190906.000000,1,Carrefour,Op Kruispunt,1,Normales,Normaal,1,Sec,Droog,1,En agglomération,binnen bebouwde kom,1,Jour,Dag,3,Route régionale,Gewestweg,4,Avec blessé(s) leger(s),met lichtgewonden,03,Bicyclette,Fiets,09,Voiture,personenauto,4,Entre 2 conducteurs: Par le côté (avant/derrière-flanc),Tss. 2 best.: langs opzij (voor-/achterkant-flank),0,Pas d’obstacle,Geen hindernis,51.026512,3.711786
2024,10,12,44021,Région flamande,Vlaams Gewest,Province de Flandre orientale,Provincie Oost-Vlaanderen,Gand,Gent,105744.000000,193426.000000,2,Hors carrefour,Buiten Kruispunt,1,Normales,Normaal,1,Sec,Droog,1,En agglomération,binnen bebouwde kom,1,Jour,Dag,2,Route communale,Gemeenteweg,4,Avec blessé(s) leger(s),met lichtgewonden,03,Bicyclette,Fiets,08,Piéton,Voetganger,5,Avec un piéton,Met een voetganger,0,Pas d’obstacle,Geen hindernis,51.049306,3.737622
2024,10,16,44021,Région flamande,Vlaams Gewest,Province de Flandre orientale,Provincie Oost-Vlaanderen,Gand,Gent,107629.000000,195587.000000,1,Carrefour,Op Kruispunt,1,Normales,Normaal,1,Sec,Droog,1,En agglomération,binnen bebouwde kom,1,Jour,Dag,3,Route régionale,Gewestweg,4,Avec blessé(s) leger(s),met lichtgewonden,09,Voiture,personenauto,03,Bicyclette,Fiets,4,Entre 2 conducteurs: Par le côté (avant/derrière-flanc),Tss. 2 best.: langs opzij (voor-/achterkant-flank),0,Pas d’obstacle,Geen hindernis,51.068872,3.764252
2024,10,15,44021,Région flamande,Vlaams Gewest,Province de Flandre orientale,Provincie Oost-Vlaanderen,Gand,Gent,104343.000000,189063.000000,1,Carrefour,Op Kruispunt,2,Pluie,Regenval,2,Humide, mouillé, flaques,Nat, plassen,2,Hors agglomération,buiten bebouwde kom,1,Jour,Dag,2,Route communale,Gemeenteweg,4,Avec blessé(s) leger(s),met lichtgewonden,09,Voiture,personenauto,09,Voiture,personenauto,1,Collision en chaîne (3 conducteurs ou plus),Kettingbotsing (3 bestuurders of meer),51.00998,3.718188
2024,10,07,44021,Région flamande,Vlaams Gewest,Province de Flandre orientale,Provincie Oost-Vlaanderen,Gand,Gent,,,2,Hors carrefour,Buiten Kruispunt,1,Normales,Normaal,1,Sec,Droog,2,Hors agglomération,buiten bebouwde kom,9,Inconnu, indéterminé,Onbekend,1,Autoroute,Autosnelweg,4,Avec blessé(s) leger(s),met lichtgewonden,09,Voiture,personenauto,06,Cyclomoteur,Bromfiets,A,Entre 2 conducteurs: Flanc contre flanc,Tussen 2 bestuurders: Flank tegen flank,0,Pas d’obstacle,,
2024,10,12,44021,Région flamande,Vlaams Gewest,Province de Flandre orientale,Provincie Oost-Vlaanderen,Gand,Gent,105358.000000,191497.000000,2,Hors carrefour,Buiten Kruispunt,1,Normales,Normaal,9,Inconnu, indéterminé,Onbekend,1,En agglomération,binnen bebouwde kom,1,Jour,Dag,2,Route communale,Gemeenteweg,4,Avec blessé(s) leger(s),met lichtgewonden,09,Voiture,personenauto,03,Bicyclette,Fiets,4,Entre 2 conducteurs: Par le côté (avant/derrière-flanc),Tss. 2 best.: langs opzij (voor-/achterkant-flank),0,Pas d’obstacle,51.031938,3.732353
2024,10,08,44021,Région flamande,Vlaams Gewest,Province de Flandre orientale,Provincie Oost-Vlaanderen,Gand,Gent, 99447.400000,194411.000000,1,Carrefour,Op Kruispunt,1,Normales,Normaal,2,Humide, mouillé, flaques,Nat, plassen,1,En agglomération,binnen bebouwde kom,1,Jour,Dag,2,Route communale,Gemeenteweg,4,Avec blessé(s) leger(s),met lichtgewonden,09,Voiture,personenauto,03,Bicyclette,Fiets,4,Entre 2 conducteurs: Par le côté (avant/derrière-flanc),Tss. 2 best.: langs opzij (voor-/achterkant-flank),51.057645,3.647695
2024,10,16,44021,Région flamande,Vlaams Gewest,Province de Flandre orientale,Provincie Oost-Vlaanderen,Gand,Gent,100759.000000,197498.000000,2,Hors carrefour,Buiten Kruispunt,1,Normales,Normaal,1,Sec,Droog,1,En agglomération,binnen bebouwde kom,1,Jour,Dag,2,Route communale,Gemeenteweg,4,Avec blessé(s) leger(s),met lichtgewonden,05,Camionnette,Lichte vrachtauto,03,Bicyclette,Fiets,2,Entre 2 conducteurs: Collision frontale,Tussen 2 bestuurders: Frontale botsing,0,Pas d’obstacle,Geen hindernis,51.085506,3.665986
2024,10,17,44021,Région flamande,Vlaams Gewest,Province de Flandre orientale,Provincie Oost-Vlaanderen,Gand,Gent,105568.000000,189620.000000,2,Hors carrefour,Buiten Kruispunt,1,Normales,Normaal,1,Sec,Droog,1,En agglomération,binnen bebouwde kom,1,Jour,Dag,2,Route communale,Gemeenteweg,4,Avec blessé(s) leger(s),met lichtgewonden,09,Voiture,personenauto,03,Bicyclette,Fiets,A,Entre 2 conducteurs: Flanc contre flanc,Tussen 2 bestuurders: Flank tegen flank,0,Pas d’obstacle,Geen hindernis,51.015082,3.735574
2024,10,10,44021,Région flamande,Vlaams Gewest,Province de Flandre orientale,Provincie Oost-Vlaanderen,Gand,Gent,104926.000000,193837.000000,2,Hors carrefour,Buiten Kruispunt,1,Normales,Normaal,1,Sec,Droog,1,En agglomération,binnen bebouwde kom,1,Jour,Dag,2,Route communale,Gemeenteweg,4,Avec blessé(s) leger(s),met lichtgewonden,05,Camionnette,Lichte vrachtauto,08,Piéton,Voetganger,5,Avec un piéton,Met een voetganger,0,Pas d’obstacle,Geen hindernis,51.052938,3.725906
2024,10,22,44021,Région flamande,Vlaams Gewest,Province de Flandre orientale,Provincie Oost-Vlaanderen,Gand,Gent,104878.000000,192837.000000,1,Carrefour,Op Kruispunt,1,Normales,Normaal,9,Inconnu, indéterminé,Onbekend,1,En agglomération,binnen bebouwde kom,2,Aube, crépuscule,Dageraad - schemering,2,Route communale,Gemeenteweg,4,Avec blessé(s) leger(s),met lichtgewonden,09,Voiture,personenauto,06,Cyclomoteur,Bromfiets,4,Entre 2 conducteurs: Par le côté (avant/derrière-flanc),Tss. 2 best.: langs opzij (voor-/achterkant-flank),0,51.043945,3.725345
2024,10,17,44021,Région flamande,Vlaams Gewest,Province de Flandre orientale,Provincie Oost-Vlaanderen,Gand,Gent,105898.000000,193478.000000,2,Hors carrefour,Buiten Kruispunt,9,Inconnues, indéterminées,Onbekend,9,Inconnu, indéterminé,Onbekend,9,inconnu,onbekend,9,Inconnu, indéterminé,Onbekend,3,Route régionale,Gewestweg,3,Avec blessé(s) grave(s),met zwaargewonden,03,Bicyclette,Fiets,03,Bicyclette,Fiets,5,Avec un piéton,Met een voetganger,51.049786,3.739811
2024,10,16,44021,Région flamande,Vlaams Gewest,Province de Flandre orientale,Provincie Oost-Vlaanderen,Gand,Gent,106183.000000,193408.000000,1,Carrefour,Op Kruispunt,1,Normales,Normaal,1,Sec,Droog,1,En agglomération,binnen bebouwde kom,1,Jour,Dag,3,Route régionale,Gewestweg,4,Avec blessé(s) leger(s),met lichtgewonden,03,Bicyclette,Fiets,05,Camionnette,Lichte vrachtauto,3,Entre 2 conducteurs: Par l'arrière,Tussen 2 bestuurders: Langs achteren,0,Pas d’obstacle,Geen hindernis,51.049178,3.743884
2024,10,12,45035,Région flamande,Vlaams Gewest,Province de Flandre orientale,Provincie Oost-Vlaanderen,Audenarde,Oudenaarde,100152.000000,175197.000000,2,Hors carrefour,Buiten Kruispunt,1,Normales,Normaal,1,Sec,Droog,1,En agglomération,binnen bebouwde kom,1,Jour,Dag,2,Route communale,Gemeenteweg,3,Avec blessé(s) grave(s),met zwaargewonden,99,inconnu,onbekend,99,inconnu,onbekend,0,Type de collision non mentionné,Geen vermelding van de type aanrijding,-1,Type de collision non mentionné,Geen vermelding van de type aanrijding,50.884996,3.660357
2024,10,15,44021,Région flamande,Vlaams Gewest,Province de Flandre orientale,Provincie Oost-Vlaanderen,Gand,Gent,105218.000000,196178.000000,2,Hors carrefour,Buiten Kruispunt,1,Normales,Normaal,1,Sec,Droog,1,En agglomération,binnen bebouwde kom,1,Jour,Dag,2,Route communale,Gemeenteweg,4,Avec blessé(s) leger(s),met lichtgewonden,03,Bicyclette,Fiets,08,Piéton,Voetganger,5,Avec un piéton,Met een voetganger,0,Pas d’obstacle,Geen hindernis,51.074003,3.729783
2024,10,08,44021,Région flamande,Vlaams Gewest,Province de Flandre orientale,Provincie Oost-Vlaanderen,Gand,Gent,102535.000000,190375.000000,2,Hors carrefour,Buiten Kruispunt,1,Normales,Normaal,2,Humide, mouillé, flaques,Nat, plassen,1,En agglomération,binnen bebouwde kom,1,Jour,Dag,3,Route régionale,Gewestweg,4,Avec blessé(s) leger(s),met lichtgewonden,99,inconnu,onbekend,99,inconnu,onbekend,0,Type de collision non mentionné,Geen vermelding van de type aanrijding,51.021628,3.692257
2024,09,11,44021,Région flamande,Vlaams Gewest,Province de Flandre orientale,Provincie Oost-Vlaanderen,Gand,Gent,104486.000000,192706.000000,2,Hors carrefour,Buiten Kruispunt,1,Normales,Normaal,1,Sec,Droog,1,En agglomération,binnen bebouwde kom,1,Jour,Dag,2,Route communale,Gemeenteweg,4,Avec blessé(s) leger(s),met lichtgewonden,99,inconnu,onbekend,99,inconnu,onbekend,9,Autre ou inconnu,Andere of onbekend,-3,Présence d'obstacle non mentionnée,Geen vermelding van de aanwezigheid van een hindernis,51.042737,3.719772
2024,10,04,44021,Région flamande,Vlaams Gewest,Province de Flandre orientale,Provincie Oost-Vlaanderen,Gand,Gent,104963.000000,195160.000000,2,Hors carrefour,Buiten Kruispunt,1,Normales,Normaal,1,Sec,Droog,1,En agglomération,binnen bebouwde kom,3,Nuit, éclairage public présent et allumé,Nacht, openbare verlichting aanwezig en ontstoken,2,Route communale,Gemeenteweg,4,Avec blessé(s) leger(s),met lichtgewonden,09,Voiture,personenauto,09,Voiture,personenauto,3,Entre 2 conducteurs: Par l'arrière,Tussen 2 bestuurders: Langs achteren,0,51.064832,3.726271