DT_YEAR_COLLISION,DT_MONTH_COLLISION,DT_TIME,CD_NIS,TX_RGN_COLLISION_FR,TX_RGN_COLLISION_NL,TX_PROV_COLLISION_FR,TX_PROV_COLLISION_NL,TX_MUNTY_COLLISION_FR,TX_MUNTY_COLLISION_NL,MS_X_COORD,MS_Y_COORD,CD_CROSSWAY,TX_CROSSWAY_FR,TX_CROSSWAY_NL,CD_WEATHER,TX_WEATHER_FR,TX_WEATHER_NL,CD_ROAD_CONDITION,TX_ROAD_CONDITION_FR,TX_ROAD_CONDITION_NL,CD_BUILD_UP_AREA,TX_BUILD_UP_AREA_FR,TX_BUILD_UP_AREA_NL,CD_LIGHT_CONDITION,TX_LIGHT_CONDITION_FR,TX_LIGHT_CONDITION_NL,CD_ROAD_TYPE,CD_ROAD_TYPE_FR,CD_ROAD_TYPE_NL,CD_CLASS_ACCIDENTS,TX_CLASS_ACCIDENTS_FR,TX_CLASS_ACCIDENTS_NL,CD_ROAD_USR_TYPE1,TX_ROAD_USR_TYPE1_FR,TX_ROAD_USR_TYPE1_NL,CD_ROAD_USR_TYPE2,TX_ROAD_USR_TYPE2_FR,TX_ROAD_USR_TYPE2_NL,CD_COLLISION_TYPE,TX_COLLISON_TYPE_FR,TX_COLLISION_TYPE_NL,CD_OBSTACLES,TX_OBSTACLES_FR,TX_OBSTACLES_NL,LAT,LON
2024,09,12,46014,Région flamande,Vlaams Gewest,Province de Flandre orientale,Provincie Oost-Vlaanderen,Lokeren,Lokeren,123407.000000,198532.000000,2,Hors carrefour,Buiten Kruispunt,1,Normales,Normaal,1,Sec,Droog,1,En agglomération,binnen bebouwde kom,1,Jour,Dag,2,Route communale,Gemeenteweg,4,Avec blessé(s) leger(s),met lichtgewonden,09,Voiture,personenauto,11,usager/obstacle,een weggebruiker tegen een hindernis,7,Usager contre obstacle situé hors chaussée,Weggebruiker tegen hindernis buiten rijbaan,67,Autre obstacle,Andere hindernis,51.096282,3.989136
2024,09,16,46014,Région flamande,Vlaams Gewest,Province de Flandre orientale,Provincie Oost-Vlaanderen,Lokeren,Lokeren,123292.000000,202033.000000,1,Carrefour,Op Kruispunt,1,Normales,Normaal,1,Sec,Droog,1,En agglomération,binnen bebouwde kom,1,Jour,Dag,2,Route communale,Gemeenteweg,4,Avec blessé(s) leger(s),met lichtgewonden,03,Bicyclette,Fiets,06,Cyclomoteur,Bromfiets,4,Entre 2 conducteurs: Par le côté (avant/derrière-flanc),Tss. 2 best.: langs opzij (voor-/achterkant-flank),0,Pas d’obstacle,Geen hindernis,51.127746,3.987238
2024,10,08,46014,Région flamande,Vlaams Gewest,Province de Flandre orientale,Provincie Oost-Vlaanderen,Lokeren,Lokeren,121444.000000,200275.000000,1,Carrefour,Op Kruispunt,1,Normales,Normaal,1,Sec,Droog,2,Hors agglomération,buiten bebouwde kom,1,Jour,Dag,3,Route régionale,Gewestweg,4,Avec blessé(s) leger(s),met lichtgewonden,09,Voiture,personenauto,06,Cyclomoteur,Bromfiets,A,Entre 2 conducteurs: Flanc contre flanc,Tussen 2 bestuurders: Flank tegen flank,0,Pas d’obstacle,Geen hindernis,51.111856,3.960978
2024,10,18,46014,Région flamande,Vlaams Gewest,Province de Flandre orientale,Provincie Oost-Vlaanderen,Lokeren,Lokeren,122775.000000,198921.000000,1,Carrefour,Op Kruispunt,1,Normales,Normaal,1,Sec,Droog,1,En agglomération,binnen bebouwde kom,1,Jour,Dag,3,Route régionale,Gewestweg,4,Avec blessé(s) leger(s),met lichtgewonden,99,inconnu,onbekend,99,inconnu,onbekend,0,Type de collision non mentionné,Geen vermelding van de type aanrijding,-1,Type de collision non mentionné,Geen vermelding van de type aanrijding,51.099749,3.980085
2024,09,08,46014,Région flamande,Vlaams Gewest,Province de Flandre orientale,Provincie Oost-Vlaanderen,Lokeren,Lokeren,122403.000000,199229.000000,1,Carrefour,Op Kruispunt,1,Normales,Normaal,1,Sec,Droog,1,En agglomération,binnen bebouwde kom,1,Jour,Dag,2,Route communale,Gemeenteweg,4,Avec blessé(s) leger(s),met lichtgewonden,09,Voiture,personenauto,03,Bicyclette,Fiets,2,Entre 2 conducteurs: Collision frontale,Tussen 2 bestuurders: Frontale botsing,0,Pas d’obstacle,Geen hindernis,51.1025,3.974751
2024,10,21,46014,Région flamande,Vlaams Gewest,Province de Flandre orientale,Provincie Oost-Vlaanderen,Lokeren,Lokeren,123991.000000,198629.000000,2,Hors carrefour,Buiten Kruispunt,1,Normales,Normaal,1,Sec,Droog,1,En agglomération,binnen bebouwde kom,5,Nuit, éclairage public présent, mais pas allumé,Nacht, openb. verlicht. aanw., maar niet ontstoken,3,Route régionale,Gewestweg,4,Avec blessé(s) leger(s),met lichtgewonden,99,inconnu,onbekend,06,Cyclomoteur,Bromfiets,2,Entre 2 conducteurs: Collision frontale,51.09718,3.997465
2024,10,07,46014,Région flamande,Vlaams Gewest,Province de Flandre orientale,Provincie Oost-Vlaanderen,Lokeren,Lokeren,124669.000000,199635.000000,2,Hors carrefour,Buiten Kruispunt,1,Normales,Normaal,1,Sec,Droog,2,Hors agglomération,buiten bebouwde kom,1,Jour,Dag,3,Route régionale,Gewestweg,4,Avec blessé(s) leger(s),met lichtgewonden,09,Voiture,personenauto,03,Bicyclette,Fiets,4,Entre 2 conducteurs: Par le côté (avant/derrière-flanc),Tss. 2 best.: langs opzij (voor-/achterkant-flank),0,Pas d’obstacle,Geen hindernis,51.106253,4.007074
2024,10,20,46014,Région flamande,Vlaams Gewest,Province de Flandre orientale,Provincie Oost-Vlaanderen,Lokeren,Lokeren,123822.000000,199461.000000,1,Carrefour,Op Kruispunt,1,Normales,Normaal,1,Sec,Droog,1,En agglomération,binnen bebouwde kom,4,Nuit, pas d'éclairage public présent,Nacht, geen openbare verlichting aanwezig,2,Route communale,Gemeenteweg,4,Avec blessé(s) leger(s),met lichtgewonden,09,Voiture,personenauto,09,Voiture,personenauto,4,Entre 2 conducteurs: Par le côté (avant/derrière-flanc),Tss. 2 best.: langs opzij (voor-/achterkant-flank),0,51.104651,3.994993
2024,09,08,46014,Région flamande,Vlaams Gewest,Province de Flandre orientale,Provincie Oost-Vlaanderen,Lokeren,Lokeren,123334.000000,197045.000000,1,Carrefour,Op Kruispunt,7,Autre (fumée épaisse,...),Andere (dikke rook,...),1,Sec,Droog,2,Hors agglomération,buiten bebouwde kom,1,Jour,Dag,2,Route communale,Gemeenteweg,4,Avec blessé(s) leger(s),met lichtgewonden,09,Voiture,personenauto,03,Bicyclette,Fiets,4,Entre 2 conducteurs: Par le côté (avant/derrière-flanc),Tss. 2 best.: langs opzij (voor-/achterkant-flank),0,51.082912,3.988202
2024,10,02,46014,Région flamande,Vlaams Gewest,Province de Flandre orientale,Provincie Oost-Vlaanderen,Lokeren,Lokeren,120841.000000,198888.000000,2,Hors carrefour,Buiten Kruispunt,1,Normales,Normaal,1,Sec,Droog,1,En agglomération,binnen bebouwde kom,3,Nuit, éclairage public présent et allumé,Nacht, openbare verlichting aanwezig en ontstoken,2,Route communale,Gemeenteweg,3,Avec blessé(s) grave(s),met zwaargewonden,03,Bicyclette,Fiets,10,usager seul,één bestuurder, geen hindernis,8,Un seul usager, pas d'obstacle (chute incl.),51.099358,3.952478
2024,09,11,46014,Région flamande,Vlaams Gewest,Province de Flandre orientale,Provincie Oost-Vlaanderen,Lokeren,Lokeren,124236.000000,199328.000000,2,Hors carrefour,Buiten Kruispunt,1,Normales,Normaal,1,Sec,Droog,1,En agglomération,binnen bebouwde kom,1,Jour,Dag,3,Route régionale,Gewestweg,4,Avec blessé(s) leger(s),met lichtgewonden,03,Bicyclette,Fiets,03,Bicyclette,Fiets,A,Entre 2 conducteurs: Flanc contre flanc,Tussen 2 bestuurders: Flank tegen flank,0,Pas d’obstacle,Geen hindernis,51.103474,4.000914
2024,09,15,46014,Région flamande,Vlaams Gewest,Province de Flandre orientale,Provincie Oost-Vlaanderen,Lokeren,Lokeren,122531.000000,199236.000000,2,Hors carrefour,Buiten Kruispunt,9,Inconnues, indéterminées,Onbekend,9,Inconnu, indéterminé,Onbekend,9,inconnu,onbekend,1,Jour,Dag,2,Route communale,Gemeenteweg,4,Avec blessé(s) leger(s),met lichtgewonden,09,Voiture,personenauto,06,Cyclomoteur,Bromfiets,4,Entre 2 conducteurs: Par le côté (avant/derrière-flanc),Tss. 2 best.: langs opzij (voor-/achterkant-flank),0,51.102569,3.976578
2024,09,06,46014,Région flamande,Vlaams Gewest,Province de Flandre orientale,Provincie Oost-Vlaanderen,Lokeren,Lokeren,124527.000000,196841.000000,2,Hors carrefour,Buiten Kruispunt,1,Normales,Normaal,2,Humide, mouillé, flaques,Nat, plassen,2,Hors agglomération,buiten bebouwde kom,4,Nuit, pas d'éclairage public présent,Nacht, geen openbare verlichting aanwezig,2,Route communale,Gemeenteweg,3,Avec blessé(s) grave(s),met zwaargewonden,03,Bicyclette,Fiets,05,Camionnette,Lichte vrachtauto,A,51.081132,4.005242
2024,09,17,46014,Région flamande,Vlaams Gewest,Province de Flandre orientale,Provincie Oost-Vlaanderen,Lokeren,Lokeren,123351.000000,199842.000000,1,Carrefour,Op Kruispunt,1,Normales,Normaal,1,Sec,Droog,1,En agglomération,binnen bebouwde kom,1,Jour,Dag,2,Route communale,Gemeenteweg,4,Avec blessé(s) leger(s),met lichtgewonden,09,Voiture,personenauto,08,Piéton,Voetganger,5,Avec un piéton,Met een voetganger,0,Pas d’obstacle,Geen hindernis,51.108054,3.988241
2024,09,17,46014,Région flamande,Vlaams Gewest,Province de Flandre orientale,Provincie Oost-Vlaanderen,Lokeren,Lokeren,123208.000000,199101.000000,2,Hors carrefour,Buiten Kruispunt,1,Normales,Normaal,1,Sec,Droog,1,En agglomération,binnen bebouwde kom,1,Jour,Dag,2,Route communale,Gemeenteweg,4,Avec blessé(s) leger(s),met lichtgewonden,09,Voiture,personenauto,08,Piéton,Voetganger,5,Avec un piéton,Met een voetganger,0,Pas d’obstacle,Geen hindernis,51.101387,3.986253
2024,09,13,46014,Région flamande,Vlaams Gewest,Province de Flandre orientale,Provincie Oost-Vlaanderen,Lokeren,Lokeren,123068.000000,199048.000000,2,Hors carrefour,Buiten Kruispunt,1,Normales,Normaal,1,Sec,Droog,1,En agglomération,binnen bebouwde kom,1,Jour,Dag,2,Route communale,Gemeenteweg,4,Avec blessé(s) leger(s),met lichtgewonden,09,Voiture,personenauto,06,Cyclomoteur,Bromfiets,4,Entre 2 conducteurs: Par le côté (avant/derrière-flanc),Tss. 2 best.: langs opzij (voor-/achterkant-flank),0,Pas d’obstacle,Geen hindernis,51.100904,3.984258
2024,09,17,46014,Région flamande,Vlaams Gewest,Province de Flandre orientale,Provincie Oost-Vlaanderen,Lokeren,Lokeren,117329.000000,203319.000000,2,Hors carrefour,Buiten Kruispunt,1,Normales,Normaal,1,Sec,Droog,2,Hors agglomération,buiten bebouwde kom,1,Jour,Dag,2,Route communale,Gemeenteweg,4,Avec blessé(s) leger(s),met lichtgewonden,03,Bicyclette,Fiets,11,usager/obstacle,een weggebruiker tegen een hindernis,7,Usager contre obstacle situé hors chaussée,Weggebruiker tegen hindernis buiten rijbaan,66,Hors chaussée: Fossé,Buiten de rijbaan: Gracht,51.138999,3.901944
2024,09,20,44034,Région flamande,Vlaams Gewest,Province de Flandre orientale,Provincie Oost-Vlaanderen,Lochristi,Lochristi,,,2,Hors carrefour,Buiten Kruispunt,9,Inconnues, indéterminées,Onbekend,9,Inconnu, indéterminé,Onbekend,9,inconnu,onbekend,9,Inconnu, indéterminé,Onbekend,9,inconnu,onbekend,4,Avec blessé(s) leger(s),met lichtgewonden,08,Piéton,Voetganger,03,Bicyclette,Fiets,5,Avec un piéton,Met een voetganger,,
2024,09,07,46014,Région flamande,Vlaams Gewest,Province de Flandre orientale,Provincie Oost-Vlaanderen,Lokeren,Lokeren,124901.000000,199722.000000,2,Hors carrefour,Buiten Kruispunt,9,Inconnues, indéterminées,Onbekend,4,Propre,Proper,1,En agglomération,binnen bebouwde kom,1,Jour,Dag,2,Route communale,Gemeenteweg,4,Avec blessé(s) leger(s),met lichtgewonden,99,inconnu,onbekend,99,inconnu,onbekend,0,Type de collision non mentionné,Geen vermelding van de type aanrijding,-1,Type de collision non mentionné,51.107045,4.010381
2024,09,13,46014,Région flamande,Vlaams Gewest,Province de Flandre orientale,Provincie Oost-Vlaanderen,Lokeren,Lokeren,123673.000000,199357.000000,2,Hors carrefour,Buiten Kruispunt,1,Normales,Normaal,1,Sec,Droog,1,En agglomération,binnen bebouwde kom,1,Jour,Dag,3,Route régionale,Gewestweg,4,Avec blessé(s) leger(s),met lichtgewonden,03,Bicyclette,Fiets,08,Piéton,Voetganger,5,Avec un piéton,Met een voetganger,0,Pas d’obstacle,Geen hindernis,51.10371,3.992873
2024,09,15,46014,Région flamande,Vlaams Gewest,Province de Flandre orientale,Provincie Oost-Vlaanderen,Lokeren,Lokeren,123681.000000,198507.000000,2,Hors carrefour,Buiten Kruispunt,1,Normales,Normaal,1,Sec,Droog,2,Hors agglomération,buiten bebouwde kom,1,Jour,Dag,3,Route régionale,Gewestweg,3,Avec blessé(s) grave(s),met zwaargewonden,99,inconnu,onbekend,10,usager seul,één bestuurder, geen hindernis,8,Un seul usager, pas d'obstacle (chute incl.),Eén bestuurder, geen hindernis (incl. val),51.09607,3.993049
2024,09,08,46014,Région flamande,Vlaams Gewest,Province de Flandre orientale,Provincie Oost-Vlaanderen,Lokeren,Lokeren,123822.000000,199461.000000,1,Carrefour,Op Kruispunt,2,Pluie,Regenval,2,Humide, mouillé, flaques,Nat, plassen,1,En agglomération,binnen bebouwde kom,1,Jour,Dag,2,Route communale,Gemeenteweg,4,Avec blessé(s) leger(s),met lichtgewonden,06,Cyclomoteur,Bromfiets,10,usager seul,één bestuurder, geen hindernis,8,Un seul usager,51.104651,3.994993
2024,09,10,46014,Région flamande,Vlaams Gewest,Province de Flandre orientale,Provincie Oost-Vlaanderen,Lokeren,Lokeren,123503.000000,199398.000000,2,Hors carrefour,Buiten Kruispunt,2,Pluie,Regenval,2,Humide, mouillé, flaques,Nat, plassen,1,En agglomération,binnen bebouwde kom,1,Jour,Dag,2,Route communale,Gemeenteweg,4,Avec blessé(s) leger(s),met lichtgewonden,09,Voiture,personenauto,09,Voiture,personenauto,3,Entre 2 conducteurs: Par l'arrière,Tussen 2 bestuurders: Langs achteren,51.10407,3.990443
2024,10,15,46014,Région flamande,Vlaams Gewest,Province de Flandre orientale,Provincie Oost-Vlaanderen,Lokeren,Lokeren,123782.000000,198998.000000,1,Carrefour,Op Kruispunt,1,Normales,Normaal,1,Sec,Droog,1,En agglomération,binnen bebouwde kom,1,Jour,Dag,2,Route communale,Gemeenteweg,4,Avec blessé(s) leger(s),met lichtgewonden,99,inconnu,onbekend,99,inconnu,onbekend,0,Type de collision non mentionné,Geen vermelding van de type aanrijding,-1,Type de collision non mentionné,Geen vermelding van de type aanrijding,51.100488,3.994455
2024,10,17,46014,Région flamande,Vlaams Gewest,Province de Flandre orientale,Provincie Oost-Vlaanderen,Lokeren,Lokeren,124185.000000,200436.000000,2,Hors carrefour,Buiten Kruispunt,1,Normales,Normaal,1,Sec,Droog,1,En agglomération,binnen bebouwde kom,1,Jour,Dag,2,Route communale,Gemeenteweg,3,Avec blessé(s) grave(s),met zwaargewonden,03,Bicyclette,Fiets,09,Voiture,personenauto,3,Entre 2 conducteurs: Par l'arrière,Tussen 2 bestuurders: Langs achteren,0,Pas d’obstacle,Geen hindernis,51.113431,4.000107
2024,10,09,46014,Région flamande,Vlaams Gewest,Province de Flandre orientale,Provincie Oost-Vlaanderen,Lokeren,Lokeren,118227.000000,198478.000000,2,Hors carrefour,Buiten Kruispunt,1,Normales,Normaal,1,Sec,Droog,2,Hors agglomération,buiten bebouwde kom,1,Jour,Dag,2,Route communale,Gemeenteweg,2,Mortellement blessé(s),dodelijk gewonden,04,Camion,Vrachtwagen,03,Bicyclette,Fiets,3,Entre 2 conducteurs: Par l'arrière,Tussen 2 bestuurders: Langs achteren,0,Pas d’obstacle,Geen hindernis,51.095536,3.915197
2024,10,17,46014,Région flamande,Vlaams Gewest,Province de Flandre orientale,Provincie Oost-Vlaanderen,Lokeren,Lokeren,123752.000000,198305.000000,2,Hors carrefour,Buiten Kruispunt,9,Inconnues, indéterminées,Onbekend,9,Inconnu, indéterminé,Onbekend,1,En agglomération,binnen bebouwde kom,1,Jour,Dag,2,Route communale,Gemeenteweg,3,Avec blessé(s) grave(s),met zwaargewonden,09,Voiture,personenauto,10,usager seul,één bestuurder, geen hindernis,8,Un seul usager, pas d'obstacle (chute incl.),51.094257,3.994077
2024,10,09,46014,Région flamande,Vlaams Gewest,Province de Flandre orientale,Provincie Oost-Vlaanderen,Lokeren,Lokeren,124856.000000,198446.000000,2,Hors carrefour,Buiten Kruispunt,1,Normales,Normaal,2,Humide, mouillé, flaques,Nat, plassen,1,En agglomération,binnen bebouwde kom,1,Jour,Dag,3,Route régionale,Gewestweg,4,Avec blessé(s) leger(s),met lichtgewonden,03,Bicyclette,Fiets,09,Voiture,personenauto,4,Entre 2 conducteurs: Par le côté (avant/derrière-flanc),Tss. 2 best.: langs opzij (voor-/achterkant-flank),51.095573,4.009826
2024,10,11,46014,Région flamande,Vlaams Gewest,Province de Flandre orientale,Provincie Oost-Vlaanderen,Lokeren,Lokeren,122280.000000,198833.000000,1,Carrefour,Op Kruispunt,1,Normales,Normaal,1,Sec,Droog,2,Hors agglomération,buiten bebouwde kom,1,Jour,Dag,3,Route régionale,Gewestweg,4,Avec blessé(s) leger(s),met lichtgewonden,09,Voiture,personenauto,03,Bicyclette,Fiets,4,Entre 2 conducteurs: Par le côté (avant/derrière-flanc),Tss. 2 best.: langs opzij (voor-/achterkant-flank),0,Pas d’obstacle,Geen hindernis,51.098935,3.973025
2024,10,10,46014,Région flamande,Vlaams Gewest,Province de Flandre orientale,Provincie Oost-Vlaanderen,Lokeren,Lokeren,124557.000000,199571.000000,2,Hors carrefour,Buiten Kruispunt,1,Normales,Normaal,1,Sec,Droog,1,En agglomération,binnen bebouwde kom,1,Jour,Dag,3,Route régionale,Gewestweg,4,Avec blessé(s) leger(s),met lichtgewonden,03,Bicyclette,Fiets,10,usager seul,één bestuurder, geen hindernis,8,Un seul usager, pas d'obstacle (chute incl.),Eén bestuurder, geen hindernis (incl. val),51.105673,4.00548
2024,10,12,46014,Région flamande,Vlaams Gewest,Province de Flandre orientale,Provincie Oost-Vlaanderen,Lokeren,Lokeren,124707.000000,200584.000000,2,Hors carrefour,Buiten Kruispunt,1,Normales,Normaal,2,Humide, mouillé, flaques,Nat, plassen,2,Hors agglomération,buiten bebouwde kom,1,Jour,Dag,3,Route régionale,Gewestweg,4,Avec blessé(s) leger(s),met lichtgewonden,99,inconnu,onbekend,99,inconnu,onbekend,0,Type de collision non mentionné,Geen vermelding van de type aanrijding,51.114785,4.007551
2024,09,22,46014,Région flamande,Vlaams Gewest,Province de Flandre orientale,Provincie Oost-Vlaanderen,Lokeren,Lokeren,123464.000000,199459.000000,1,Carrefour,Op Kruispunt,1,Normales,Normaal,1,Sec,Droog,1,En agglomération,binnen bebouwde kom,3,Nuit, éclairage public présent et allumé,Nacht, openbare verlichting aanwezig en ontstoken,2,Route communale,Gemeenteweg,4,Avec blessé(s) leger(s),met lichtgewonden,03,Bicyclette,Fiets,09,Voiture,personenauto,4,Entre 2 conducteurs: Par le côté (avant/derrière-flanc),Tss. 2 best.: langs opzij (voor-/achterkant-flank),0,51.104617,3.989882
2024,09,05,46014,Région flamande,Vlaams Gewest,Province de Flandre orientale,Provincie Oost-Vlaanderen,Lokeren,Lokeren,117435.000000,199765.000000,2,Hors carrefour,Buiten Kruispunt,2,Pluie,Regenval,2,Humide, mouillé, flaques,Nat, plassen,2,Hors agglomération,buiten bebouwde kom,3,Nuit, éclairage public présent et allumé,Nacht, openbare verlichting aanwezig en ontstoken,2,Route communale,Gemeenteweg,4,Avec blessé(s) leger(s),met lichtgewonden,03,Bicyclette,Fiets,11,usager/obstacle,een weggebruiker tegen een hindernis,7,51.10706,3.903776
2024,10,19,46014,Région flamande,Vlaams Gewest,Province de Flandre orientale,Provincie Oost-Vlaanderen,Lokeren,Lokeren,124410.000000,197810.000000,2,Hors carrefour,Buiten Kruispunt,1,Normales,Normaal,1,Sec,Droog,1,En agglomération,binnen bebouwde kom,3,Nuit, éclairage public présent et allumé,Nacht, openbare verlichting aanwezig en ontstoken,2,Route communale,Gemeenteweg,4,Avec blessé(s) leger(s),met lichtgewonden,99,inconnu,onbekend,99,inconnu,onbekend,0,Type de collision non mentionné,Geen vermelding van de type aanrijding,-1,51.089837,4.003504
2024,10,04,46014,Région flamande,Vlaams Gewest,Province de Flandre orientale,Provincie Oost-Vlaanderen,Lokeren,Lokeren,123443.000000,198485.000000,2,Hors carrefour,Buiten Kruispunt,1,Normales,Normaal,1,Sec,Droog,1,En agglomération,binnen bebouwde kom,3,Nuit, éclairage public présent et allumé,Nacht, openbare verlichting aanwezig en ontstoken,2,Route communale,Gemeenteweg,4,Avec blessé(s) leger(s),met lichtgewonden,03,Bicyclette,Fiets,10,usager seul,één bestuurder, geen hindernis,8,Un seul usager, pas d'obstacle (chute incl.),51.095861,3.989653
2024,09,20,42008,Région flamande,Vlaams Gewest,Province de Flandre orientale,Provincie Oost-Vlaanderen,Hamme,Hamme,133507.000000,198183.000000,2,Hors carrefour,Buiten Kruispunt,1,Normales,Normaal,1,Sec,Droog,1,En agglomération,binnen bebouwde kom,1,Jour,Dag,2,Route communale,Gemeenteweg,4,Avec blessé(s) leger(s),met lichtgewonden,09,Voiture,personenauto,03,Bicyclette,Fiets,4,Entre 2 conducteurs: Par le côté (avant/derrière-flanc),Tss. 2 best.: langs opzij (voor-/achterkant-flank),0,Pas d’obstacle,Geen hindernis,51.09352,4.13333
2024,10,19,42008,Région flamande,Vlaams Gewest,Province de Flandre orientale,Provincie Oost-Vlaanderen,Hamme,Hamme,133463.000000,197071.000000,2,Hors carrefour,Buiten Kruispunt,2,Pluie,Regenval,2,Humide, mouillé, flaques,Nat, plassen,1,En agglomération,binnen bebouwde kom,3,Nuit, éclairage public présent et allumé,Nacht, openbare verlichting aanwezig en ontstoken,3,Route régionale,Gewestweg,4,Avec blessé(s) leger(s),met lichtgewonden,06,Cyclomoteur,Bromfiets,09,Voiture,personenauto,3,51.083523,4.132752
2024,10,16,42010,Région flamande,Vlaams Gewest,Province de Flandre orientale,Provincie Oost-Vlaanderen,Laarne,Laarne,117881.000000,191524.000000,1,Carrefour,Op Kruispunt,1,Normales,Normaal,1,Sec,Droog,1,En agglomération,binnen bebouwde kom,1,Jour,Dag,3,Route régionale,Gewestweg,4,Avec blessé(s) leger(s),met lichtgewonden,03,Bicyclette,Fiets,10,usager seul,één bestuurder, geen hindernis,8,Un seul usager, pas d'obstacle (chute incl.),Eén bestuurder, geen hindernis (incl. val),51.033009,3.910869
2024,10,18,42023,Région flamande,Vlaams Gewest,Province de Flandre orientale,Provincie Oost-Vlaanderen,Waasmunster,Waasmunster,126546.000000,201648.000000,2,Hors carrefour,Buiten Kruispunt,1,Normales,Normaal,1,Sec,Droog,2,Hors agglomération,buiten bebouwde kom,3,Nuit, éclairage public présent et allumé,Nacht, openbare verlichting aanwezig en ontstoken,3,Route régionale,Gewestweg,4,Avec blessé(s) leger(s),met lichtgewonden,09,Voiture,personenauto,03,Bicyclette,Fiets,4,Entre 2 conducteurs: Par le côté (avant/derrière-flanc),Tss. 2 best.: langs opzij (voor-/achterkant-flank),0,51.124426,4.033745
2024,10,18,42008,Région flamande,Vlaams Gewest,Province de Flandre orientale,Provincie Oost-Vlaanderen,Hamme,Hamme,134455.000000,199046.000000,1,Carrefour,Op Kruispunt,1,Normales,Normaal,2,Humide, mouillé, flaques,Nat, plassen,1,En agglomération,binnen bebouwde kom,3,Nuit, éclairage public présent et allumé,Nacht, openbare verlichting aanwezig en ontstoken,3,Route régionale,Gewestweg,4,Avec blessé(s) leger(s),met lichtgewonden,03,Bicyclette,Fiets,09,Voiture,personenauto,4,51.101303,4.146825
2024,10,13,42008,Région flamande,Vlaams Gewest,Province de Flandre orientale,Provincie Oost-Vlaanderen,Hamme,Hamme,132590.000000,195632.000000,1,Carrefour,Op Kruispunt,1,Normales,Normaal,2,Humide, mouillé, flaques,Nat, plassen,2,Hors agglomération,buiten bebouwde kom,1,Jour,Dag,3,Route régionale,Gewestweg,4,Avec blessé(s) leger(s),met lichtgewonden,05,Camionnette,Lichte vrachtauto,09,Voiture,personenauto,4,Entre 2 conducteurs: Par le côté (avant/derrière-flanc),Tss. 2 best.: langs opzij (voor-/achterkant-flank),51.070563,4.120362
2024,10,12,42008,Région flamande,Vlaams Gewest,Province de Flandre orientale,Provincie Oost-Vlaanderen,Hamme,Hamme,134522.000000,198745.000000,1,Carrefour,Op Kruispunt,9,Inconnues, indéterminées,Onbekend,9,Inconnu, indéterminé,Onbekend,1,En agglomération,binnen bebouwde kom,1,Jour,Dag,2,Route communale,Gemeenteweg,4,Avec blessé(s) leger(s),met lichtgewonden,09,Voiture,personenauto,08,Piéton,Voetganger,5,Avec un piéton,Met een voetganger,0,51.098599,4.147794
2024,10,11,42008,Région flamande,Vlaams Gewest,Province de Flandre orientale,Provincie Oost-Vlaanderen,Hamme,Hamme,,,1,Carrefour,Op Kruispunt,1,Normales,Normaal,2,Humide, mouillé, flaques,Nat, plassen,2,Hors agglomération,buiten bebouwde kom,1,Jour,Dag,3,Route régionale,Gewestweg,3,Avec blessé(s) grave(s),met zwaargewonden,04,Camion,Vrachtwagen,09,Voiture,personenauto,4,Entre 2 conducteurs: Par le côté (avant/derrière-flanc),Tss. 2 best.: langs opzij (voor-/achterkant-flank),,
2024,10,20,42008,Région flamande,Vlaams Gewest,Province de Flandre orientale,Provincie Oost-Vlaanderen,Hamme,Hamme,134183.000000,198066.000000,1,Carrefour,Op Kruispunt,1,Normales,Normaal,1,Sec,Droog,1,En agglomération,binnen bebouwde kom,3,Nuit, éclairage public présent et allumé,Nacht, openbare verlichting aanwezig en ontstoken,2,Route communale,Gemeenteweg,4,Avec blessé(s) leger(s),met lichtgewonden,09,Voiture,personenauto,09,Voiture,personenauto,4,Entre 2 conducteurs: Par le côté (avant/derrière-flanc),Tss. 2 best.: langs opzij (voor-/achterkant-flank),0,51.092487,4.142984
2024,10,15,42008,Région flamande,Vlaams Gewest,Province de Flandre orientale,Provincie Oost-Vlaanderen,Hamme,Hamme,,,1,Carrefour,Op Kruispunt,1,Normales,Normaal,1,Sec,Droog,2,Hors agglomération,buiten bebouwde kom,1,Jour,Dag,3,Route régionale,Gewestweg,4,Avec blessé(s) leger(s),met lichtgewonden,09,Voiture,personenauto,05,Camionnette,Lichte vrachtauto,4,Entre 2 conducteurs: Par le côté (avant/derrière-flanc),Tss. 2 best.: langs opzij (voor-/achterkant-flank),0,Pas d’obstacle,Geen hindernis,,
2024,10,11,42008,Région flamande,Vlaams Gewest,Province de Flandre orientale,Provincie Oost-Vlaanderen,Hamme,Hamme,132585.000000,197982.000000,1,Carrefour,Op Kruispunt,1,Normales,Normaal,1,Sec,Droog,1,En agglomération,binnen bebouwde kom,1,Jour,Dag,2,Route communale,Gemeenteweg,4,Avec blessé(s) leger(s),met lichtgewonden,09,Voiture,personenauto,03,Bicyclette,Fiets,A,Entre 2 conducteurs: Flanc contre flanc,Tussen 2 bestuurders: Flank tegen flank,0,Pas d’obstacle,Geen hindernis,51.091686,4.120178