DT_YEAR_COLLISION,DT_MONTH_COLLISION,DT_TIME,CD_NIS,TX_RGN_COLLISION_FR,TX_RGN_COLLISION_NL,TX_PROV_COLLISION_FR,TX_PROV_COLLISION_NL,TX_MUNTY_COLLISION_FR,TX_MUNTY_COLLISION_NL,MS_X_COORD,MS_Y_COORD,CD_CROSSWAY,TX_CROSSWAY_FR,TX_CROSSWAY_NL,CD_WEATHER,TX_WEATHER_FR,TX_WEATHER_NL,CD_ROAD_CONDITION,TX_ROAD_CONDITION_FR,TX_ROAD_CONDITION_NL,CD_BUILD_UP_AREA,TX_BUILD_UP_AREA_FR,TX_BUILD_UP_AREA_NL,CD_LIGHT_CONDITION,TX_LIGHT_CONDITION_FR,TX_LIGHT_CONDITION_NL,CD_ROAD_TYPE,CD_ROAD_TYPE_FR,CD_ROAD_TYPE_NL,CD_CLASS_ACCIDENTS,TX_CLASS_ACCIDENTS_FR,TX_CLASS_ACCIDENTS_NL,CD_ROAD_USR_TYPE1,TX_ROAD_USR_TYPE1_FR,TX_ROAD_USR_TYPE1_NL,CD_ROAD_USR_TYPE2,TX_ROAD_USR_TYPE2_FR,TX_ROAD_USR_TYPE2_NL,CD_COLLISION_TYPE,TX_COLLISON_TYPE_FR,TX_COLLISION_TYPE_NL,CD_OBSTACLES,TX_OBSTACLES_FR,TX_OBSTACLES_NL,LAT,LON
2024,09,09,34022,Région flamande,Vlaams Gewest,Province de Flandre occidentale,Provincie West-Vlaanderen,Courtrai,Kortrijk, 71567.200000,169524.000000,1,Carrefour,Op Kruispunt,1,Normales,Normaal,2,Humide, mouillé, flaques,Nat, plassen,1,En agglomération,binnen bebouwde kom,1,Jour,Dag,3,Route régionale,Gewestweg,4,Avec blessé(s) leger(s),met lichtgewonden,06,Cyclomoteur,Bromfiets,03,Bicyclette,Fiets,4,Entre 2 conducteurs: Par le côté (avant/derrière-flanc),Tss. 2 best.: langs opzij (voor-/achterkant-flank),50.830853,3.255392
2024,10,18,34022,Région flamande,Vlaams Gewest,Province de Flandre occidentale,Provincie West-Vlaanderen,Courtrai,Kortrijk, 70292.700000,170395.000000,2,Hors carrefour,Buiten Kruispunt,1,Normales,Normaal,1,Sec,Droog,1,En agglomération,binnen bebouwde kom,1,Jour,Dag,2,Route communale,Gemeenteweg,4,Avec blessé(s) leger(s),met lichtgewonden,09,Voiture,personenauto,09,Voiture,personenauto,1,Collision en chaîne (3 conducteurs ou plus),Kettingbotsing (3 bestuurders of meer),0,Pas d’obstacle,Geen hindernis,50.838509,3.237115
2024,10,15,34022,Région flamande,Vlaams Gewest,Province de Flandre occidentale,Provincie West-Vlaanderen,Courtrai,Kortrijk,,,2,Hors carrefour,Buiten Kruispunt,1,Normales,Normaal,1,Sec,Droog,2,Hors agglomération,buiten bebouwde kom,1,Jour,Dag,3,Route régionale,Gewestweg,4,Avec blessé(s) leger(s),met lichtgewonden,99,inconnu,onbekend,99,inconnu,onbekend,0,Type de collision non mentionné,Geen vermelding van de type aanrijding,-1,Type de collision non mentionné,Geen vermelding van de type aanrijding,,
2024,10,08,34022,Région flamande,Vlaams Gewest,Province de Flandre occidentale,Provincie West-Vlaanderen,Courtrai,Kortrijk, 73421.100000,168733.000000,1,Carrefour,Op Kruispunt,1,Normales,Normaal,1,Sec,Droog,1,En agglomération,binnen bebouwde kom,1,Jour,Dag,2,Route communale,Gemeenteweg,4,Avec blessé(s) leger(s),met lichtgewonden,99,inconnu,onbekend,99,inconnu,onbekend,0,Type de collision non mentionné,Geen vermelding van de type aanrijding,-1,Type de collision non mentionné,Geen vermelding van de type aanrijding,50.823989,3.281869
2024,10,19,34022,Région flamande,Vlaams Gewest,Province de Flandre occidentale,Provincie West-Vlaanderen,Courtrai,Kortrijk, 73123.400000,168595.000000,1,Carrefour,Op Kruispunt,1,Normales,Normaal,1,Sec,Droog,1,En agglomération,binnen bebouwde kom,3,Nuit, éclairage public présent et allumé,Nacht, openbare verlichting aanwezig en ontstoken,3,Route régionale,Gewestweg,3,Avec blessé(s) grave(s),met zwaargewonden,99,inconnu,onbekend,09,Voiture,personenauto,4,Entre 2 conducteurs: Par le côté (avant/derrière-flanc),Tss. 2 best.: langs opzij (voor-/achterkant-flank),0,50.82271,3.277673
2024,10,08,34022,Région flamande,Vlaams Gewest,Province de Flandre occidentale,Provincie West-Vlaanderen,Courtrai,Kortrijk, 72334.800000,171160.000000,2,Hors carrefour,Buiten Kruispunt,1,Normales,Normaal,2,Humide, mouillé, flaques,Nat, plassen,2,Hors agglomération,buiten bebouwde kom,1,Jour,Dag,3,Route régionale,Gewestweg,3,Avec blessé(s) grave(s),met zwaargewonden,99,inconnu,onbekend,99,inconnu,onbekend,9,Autre ou inconnu,Andere of onbekend,50.845661,3.265942
2024,10,21,34022,Région flamande,Vlaams Gewest,Province de Flandre occidentale,Provincie West-Vlaanderen,Courtrai,Kortrijk, 73748.600000,167188.000000,2,Hors carrefour,Buiten Kruispunt,1,Normales,Normaal,1,Sec,Droog,1,En agglomération,binnen bebouwde kom,3,Nuit, éclairage public présent et allumé,Nacht, openbare verlichting aanwezig en ontstoken,2,Route communale,Gemeenteweg,4,Avec blessé(s) leger(s),met lichtgewonden,09,Voiture,personenauto,10,usager seul,één bestuurder, geen hindernis,8,Un seul usager, pas d'obstacle (chute incl.),50.810145,3.286836
2024,10,12,34022,Région flamande,Vlaams Gewest,Province de Flandre occidentale,Provincie West-Vlaanderen,Courtrai,Kortrijk, 69548.000000,171037.000000,1,Carrefour,Op Kruispunt,2,Pluie,Regenval,2,Humide, mouillé, flaques,Nat, plassen,1,En agglomération,binnen bebouwde kom,1,Jour,Dag,2,Route communale,Gemeenteweg,4,Avec blessé(s) leger(s),met lichtgewonden,99,inconnu,onbekend,99,inconnu,onbekend,0,Type de collision non mentionné,Geen vermelding van de type aanrijding,50.844177,3.226404
2024,09,10,34022,Région flamande,Vlaams Gewest,Province de Flandre occidentale,Provincie West-Vlaanderen,Courtrai,Kortrijk, 71388.100000,169732.000000,2,Hors carrefour,Buiten Kruispunt,1,Normales,Normaal,1,Sec,Droog,1,En agglomération,binnen bebouwde kom,1,Jour,Dag,2,Route communale,Gemeenteweg,4,Avec blessé(s) leger(s),met lichtgewonden,03,Bicyclette,Fiets,05,Camionnette,Lichte vrachtauto,4,Entre 2 conducteurs: Par le côté (avant/derrière-flanc),Tss. 2 best.: langs opzij (voor-/achterkant-flank),0,Pas d’obstacle,Geen hindernis,50.832698,3.252806
2024,10,20,34023,Région flamande,Vlaams Gewest,Province de Flandre occidentale,Provincie West-Vlaanderen,Kuurne,Kuurne, 73974.000000,172187.000000,2,Hors carrefour,Buiten Kruispunt,1,Normales,Normaal,1,Sec,Droog,1,En agglomération,binnen bebouwde kom,3,Nuit, éclairage public présent et allumé,Nacht, openbare verlichting aanwezig en ontstoken,2,Route communale,Gemeenteweg,4,Avec blessé(s) leger(s),met lichtgewonden,09,Voiture,personenauto,06,Cyclomoteur,Bromfiets,4,Entre 2 conducteurs: Par le côté (avant/derrière-flanc),Tss. 2 best.: langs opzij (voor-/achterkant-flank),0,50.855108,3.289003
2024,09,03,34022,Région flamande,Vlaams Gewest,Province de Flandre occidentale,Provincie West-Vlaanderen,Courtrai,Kortrijk, 73649.900000,170314.000000,2,Hors carrefour,Buiten Kruispunt,1,Normales,Normaal,1,Sec,Droog,2,Hors agglomération,buiten bebouwde kom,4,Nuit, pas d'éclairage public présent,Nacht, geen openbare verlichting aanwezig,3,Route régionale,Gewestweg,4,Avec blessé(s) leger(s),met lichtgewonden,08,Piéton,Voetganger,09,Voiture,personenauto,5,Avec un piéton,Met een voetganger,0,50.83823,3.284788
2024,09,16,34022,Région flamande,Vlaams Gewest,Province de Flandre occidentale,Provincie West-Vlaanderen,Courtrai,Kortrijk, 72275.800000,169613.000000,2,Hors carrefour,Buiten Kruispunt,1,Normales,Normaal,1,Sec,Droog,1,En agglomération,binnen bebouwde kom,1,Jour,Dag,2,Route communale,Gemeenteweg,4,Avec blessé(s) leger(s),met lichtgewonden,09,Voiture,personenauto,09,Voiture,personenauto,2,Entre 2 conducteurs: Collision frontale,Tussen 2 bestuurders: Frontale botsing,0,Pas d’obstacle,Geen hindernis,50.831748,3.26543
2024,09,15,34022,Région flamande,Vlaams Gewest,Province de Flandre occidentale,Provincie West-Vlaanderen,Courtrai,Kortrijk, 70889.300000,170188.000000,2,Hors carrefour,Buiten Kruispunt,1,Normales,Normaal,1,Sec,Droog,1,En agglomération,binnen bebouwde kom,1,Jour,Dag,2,Route communale,Gemeenteweg,4,Avec blessé(s) leger(s),met lichtgewonden,09,Voiture,personenauto,03,Bicyclette,Fiets,A,Entre 2 conducteurs: Flanc contre flanc,Tussen 2 bestuurders: Flank tegen flank,0,Pas d’obstacle,Geen hindernis,50.836729,3.245628
2024,09,16,34022,Région flamande,Vlaams Gewest,Province de Flandre occidentale,Provincie West-Vlaanderen,Courtrai,Kortrijk, 72044.800000,168444.000000,2,Hors carrefour,Buiten Kruispunt,2,Pluie,Regenval,2,Humide, mouillé, flaques,Nat, plassen,1,En agglomération,binnen bebouwde kom,1,Jour,Dag,2,Route communale,Gemeenteweg,4,Avec blessé(s) leger(s),met lichtgewonden,09,Voiture,personenauto,08,Piéton,Voetganger,5,Avec un piéton,Met een voetganger,50.821209,3.262399
2024,09,16,34022,Région flamande,Vlaams Gewest,Province de Flandre occidentale,Provincie West-Vlaanderen,Courtrai,Kortrijk, 74016.200000,162227.000000,1,Carrefour,Op Kruispunt,9,Inconnues, indéterminées,Onbekend,9,Inconnu, indéterminé,Onbekend,9,inconnu,onbekend,9,Inconnu, indéterminé,Onbekend,2,Route communale,Gemeenteweg,4,Avec blessé(s) leger(s),met lichtgewonden,03,Bicyclette,Fiets,03,Bicyclette,Fiets,A,Entre 2 conducteurs: Flanc contre flanc,Tussen 2 bestuurders: Flank tegen flank,50.765587,3.291652
2024,09,17,34022,Région flamande,Vlaams Gewest,Province de Flandre occidentale,Provincie West-Vlaanderen,Courtrai,Kortrijk, 73441.400000,166016.000000,2,Hors carrefour,Buiten Kruispunt,1,Normales,Normaal,1,Sec,Droog,2,Hors agglomération,buiten bebouwde kom,1,Jour,Dag,2,Route communale,Gemeenteweg,4,Avec blessé(s) leger(s),met lichtgewonden,03,Bicyclette,Fiets,09,Voiture,personenauto,4,Entre 2 conducteurs: Par le côté (avant/derrière-flanc),Tss. 2 best.: langs opzij (voor-/achterkant-flank),0,Pas d’obstacle,Geen hindernis,50.79957,3.28272
2024,09,13,34022,Région flamande,Vlaams Gewest,Province de Flandre occidentale,Provincie West-Vlaanderen,Courtrai,Kortrijk, 72316.400000,169074.000000,2,Hors carrefour,Buiten Kruispunt,9,Inconnues, indéterminées,Onbekend,9,Inconnu, indéterminé,Onbekend,9,inconnu,onbekend,1,Jour,Dag,3,Route régionale,Gewestweg,4,Avec blessé(s) leger(s),met lichtgewonden,99,inconnu,onbekend,99,inconnu,onbekend,0,Type de collision non mentionné,Geen vermelding van de type aanrijding,-1,50.826908,3.26612
2024,09,09,34022,Région flamande,Vlaams Gewest,Province de Flandre occidentale,Provincie West-Vlaanderen,Courtrai,Kortrijk, 71173.700000,167436.000000,1,Carrefour,Op Kruispunt,1,Normales,Normaal,1,Sec,Droog,1,En agglomération,binnen bebouwde kom,1,Jour,Dag,3,Route régionale,Gewestweg,4,Avec blessé(s) leger(s),met lichtgewonden,09,Voiture,personenauto,99,inconnu,onbekend,4,Entre 2 conducteurs: Par le côté (avant/derrière-flanc),Tss. 2 best.: langs opzij (voor-/achterkant-flank),0,Pas d’obstacle,Geen hindernis,50.812031,3.250253
2024,09,16,34022,Région flamande,Vlaams Gewest,Province de Flandre occidentale,Provincie West-Vlaanderen,Courtrai,Kortrijk, 71627.500000,170611.000000,2,Hors carrefour,Buiten Kruispunt,1,Normales,Normaal,1,Sec,Droog,1,En agglomération,binnen bebouwde kom,1,Jour,Dag,2,Route communale,Gemeenteweg,4,Avec blessé(s) leger(s),met lichtgewonden,03,Bicyclette,Fiets,11,usager/obstacle,een weggebruiker tegen een hindernis,7,Usager contre obstacle situé hors chaussée,Weggebruiker tegen hindernis buiten rijbaan,67,Autre obstacle,Andere hindernis,50.840631,3.256017
2024,09,08,34022,Région flamande,Vlaams Gewest,Province de Flandre occidentale,Provincie West-Vlaanderen,Courtrai,Kortrijk, 70440.700000,165431.000000,1,Carrefour,Op Kruispunt,1,Normales,Normaal,1,Sec,Droog,2,Hors agglomération,buiten bebouwde kom,1,Jour,Dag,3,Route régionale,Gewestweg,4,Avec blessé(s) leger(s),met lichtgewonden,09,Voiture,personenauto,03,Bicyclette,Fiets,4,Entre 2 conducteurs: Par le côté (avant/derrière-flanc),Tss. 2 best.: langs opzij (voor-/achterkant-flank),0,Pas d’obstacle,Geen hindernis,50.79391,3.240286
2024,09,15,34023,Région flamande,Vlaams Gewest,Province de Flandre occidentale,Provincie West-Vlaanderen,Kuurne,Kuurne, 73831.600000,171608.000000,2,Hors carrefour,Buiten Kruispunt,1,Normales,Normaal,1,Sec,Droog,1,En agglomération,binnen bebouwde kom,1,Jour,Dag,2,Route communale,Gemeenteweg,4,Avec blessé(s) leger(s),met lichtgewonden,03,Bicyclette,Fiets,03,Bicyclette,Fiets,2,Entre 2 conducteurs: Collision frontale,Tussen 2 bestuurders: Frontale botsing,0,Pas d’obstacle,Geen hindernis,50.849885,3.2871
2024,09,11,34022,Région flamande,Vlaams Gewest,Province de Flandre occidentale,Provincie West-Vlaanderen,Courtrai,Kortrijk, 73297.000000,164137.000000,2,Hors carrefour,Buiten Kruispunt,9,Inconnues, indéterminées,Onbekend,9,Inconnu, indéterminé,Onbekend,9,inconnu,onbekend,1,Jour,Dag,2,Route communale,Gemeenteweg,4,Avec blessé(s) leger(s),met lichtgewonden,09,Voiture,personenauto,03,Bicyclette,Fiets,A,Entre 2 conducteurs: Flanc contre flanc,Tussen 2 bestuurders: Flank tegen flank,0,50.782661,3.281063
2024,09,16,34022,Région flamande,Vlaams Gewest,Province de Flandre occidentale,Provincie West-Vlaanderen,Courtrai,Kortrijk,,,2,Hors carrefour,Buiten Kruispunt,1,Normales,Normaal,1,Sec,Droog,1,En agglomération,binnen bebouwde kom,1,Jour,Dag,3,Route régionale,Gewestweg,3,Avec blessé(s) grave(s),met zwaargewonden,03,Bicyclette,Fiets,03,Bicyclette,Fiets,2,Entre 2 conducteurs: Collision frontale,Tussen 2 bestuurders: Frontale botsing,0,Pas d’obstacle,Geen hindernis,,
2024,10,08,34022,Région flamande,Vlaams Gewest,Province de Flandre occidentale,Provincie West-Vlaanderen,Courtrai,Kortrijk, 74374.700000,167683.000000,1,Carrefour,Op Kruispunt,1,Normales,Normaal,1,Sec,Droog,1,En agglomération,binnen bebouwde kom,1,Jour,Dag,2,Route communale,Gemeenteweg,4,Avec blessé(s) leger(s),met lichtgewonden,09,Voiture,personenauto,03,Bicyclette,Fiets,4,Entre 2 conducteurs: Par le côté (avant/derrière-flanc),Tss. 2 best.: langs opzij (voor-/achterkant-flank),0,Pas d’obstacle,Geen hindernis,50.814676,3.295616
2024,10,10,34022,Région flamande,Vlaams Gewest,Province de Flandre occidentale,Provincie West-Vlaanderen,Courtrai,Kortrijk, 69838.900000,168300.000000,2,Hors carrefour,Buiten Kruispunt,1,Normales,Normaal,1,Sec,Droog,1,En agglomération,binnen bebouwde kom,1,Jour,Dag,2,Route communale,Gemeenteweg,3,Avec blessé(s) grave(s),met zwaargewonden,03,Bicyclette,Fiets,03,Bicyclette,Fiets,2,Entre 2 conducteurs: Collision frontale,Tussen 2 bestuurders: Frontale botsing,0,Pas d’obstacle,Geen hindernis,50.819615,3.231128
2024,10,08,34022,Région flamande,Vlaams Gewest,Province de Flandre occidentale,Provincie West-Vlaanderen,Courtrai,Kortrijk, 72287.300000,166157.000000,2,Hors carrefour,Buiten Kruispunt,1,Normales,Normaal,1,Sec,Droog,2,Hors agglomération,buiten bebouwde kom,1,Jour,Dag,2,Route communale,Gemeenteweg,4,Avec blessé(s) leger(s),met lichtgewonden,09,Voiture,personenauto,03,Bicyclette,Fiets,4,Entre 2 conducteurs: Par le côté (avant/derrière-flanc),Tss. 2 best.: langs opzij (voor-/achterkant-flank),0,Pas d’obstacle,Geen hindernis,50.800685,3.266322
2024,10,19,34022,Région flamande,Vlaams Gewest,Province de Flandre occidentale,Provincie West-Vlaanderen,Courtrai,Kortrijk, 72818.400000,169688.000000,2,Hors carrefour,Buiten Kruispunt,1,Normales,Normaal,1,Sec,Droog,1,En agglomération,binnen bebouwde kom,3,Nuit, éclairage public présent et allumé,Nacht, openbare verlichting aanwezig en ontstoken,3,Route régionale,Gewestweg,4,Avec blessé(s) leger(s),met lichtgewonden,09,Voiture,personenauto,03,Bicyclette,Fiets,4,Entre 2 conducteurs: Par le côté (avant/derrière-flanc),Tss. 2 best.: langs opzij (voor-/achterkant-flank),0,50.832494,3.273116
2024,10,07,34022,Région flamande,Vlaams Gewest,Province de Flandre occidentale,Provincie West-Vlaanderen,Courtrai,Kortrijk, 72704.700000,169000.000000,1,Carrefour,Op Kruispunt,1,Normales,Normaal,2,Humide, mouillé, flaques,Nat, plassen,1,En agglomération,binnen bebouwde kom,4,Nuit, pas d'éclairage public présent,Nacht, geen openbare verlichting aanwezig,2,Route communale,Gemeenteweg,4,Avec blessé(s) leger(s),met lichtgewonden,09,Voiture,personenauto,03,Bicyclette,Fiets,4,50.826295,3.271646
2024,10,10,34022,Région flamande,Vlaams Gewest,Province de Flandre occidentale,Provincie West-Vlaanderen,Courtrai,Kortrijk, 72198.100000,169348.000000,2,Hors carrefour,Buiten Kruispunt,1,Normales,Normaal,1,Sec,Droog,1,En agglomération,binnen bebouwde kom,1,Jour,Dag,2,Route communale,Gemeenteweg,4,Avec blessé(s) leger(s),met lichtgewonden,99,inconnu,onbekend,99,inconnu,onbekend,0,Type de collision non mentionné,Geen vermelding van de type aanrijding,-1,Type de collision non mentionné,Geen vermelding van de type aanrijding,50.829355,3.264384
2024,10,08,34025,Région flamande,Vlaams Gewest,Province de Flandre occidentale,Provincie West-Vlaanderen,Lendelede,Lendelede, 71787.200000,175631.000000,2,Hors carrefour,Buiten Kruispunt,1,Normales,Normaal,2,Humide, mouillé, flaques,Nat, plassen,2,Hors agglomération,buiten bebouwde kom,1,Jour,Dag,3,Route régionale,Gewestweg,4,Avec blessé(s) leger(s),met lichtgewonden,09,Voiture,personenauto,09,Voiture,personenauto,1,Collision en chaîne (3 conducteurs ou plus),Kettingbotsing (3 bestuurders of meer),50.885775,3.257218
2024,10,17,34022,Région flamande,Vlaams Gewest,Province de Flandre occidentale,Provincie West-Vlaanderen,Courtrai,Kortrijk, 70572.500000,171491.000000,1,Carrefour,Op Kruispunt,1,Normales,Normaal,1,Sec,Droog,2,Hors agglomération,buiten bebouwde kom,1,Jour,Dag,2,Route communale,Gemeenteweg,4,Avec blessé(s) leger(s),met lichtgewonden,99,inconnu,onbekend,99,inconnu,onbekend,9,Autre ou inconnu,Andere of onbekend,-3,Présence d'obstacle non mentionnée,Geen vermelding van de aanwezigheid van een hindernis,50.848398,3.24085
2024,10,07,34022,Région flamande,Vlaams Gewest,Province de Flandre occidentale,Provincie West-Vlaanderen,Courtrai,Kortrijk, 70992.600000,167664.000000,1,Carrefour,Op Kruispunt,1,Normales,Normaal,1,Sec,Droog,1,En agglomération,binnen bebouwde kom,2,Aube, crépuscule,Dageraad - schemering,2,Route communale,Gemeenteweg,4,Avec blessé(s) leger(s),met lichtgewonden,09,Voiture,personenauto,03,Bicyclette,Fiets,4,Entre 2 conducteurs: Par le côté (avant/derrière-flanc),Tss. 2 best.: langs opzij (voor-/achterkant-flank),0,Pas d’obstacle,50.814056,3.247635
2024,10,15,34022,Région flamande,Vlaams Gewest,Province de Flandre occidentale,Provincie West-Vlaanderen,Courtrai,Kortrijk, 74067.400000,165128.000000,1,Carrefour,Op Kruispunt,1,Normales,Normaal,1,Sec,Droog,2,Hors agglomération,buiten bebouwde kom,1,Jour,Dag,3,Route régionale,Gewestweg,4,Avec blessé(s) leger(s),met lichtgewonden,99,inconnu,onbekend,99,inconnu,onbekend,9,Autre ou inconnu,Andere of onbekend,-3,Présence d'obstacle non mentionnée,Geen vermelding van de aanwezigheid van een hindernis,50.79167,3.291782
2024,10,11,34022,Région flamande,Vlaams Gewest,Province de Flandre occidentale,Provincie West-Vlaanderen,Courtrai,Kortrijk, 71504.700000,170977.000000,2,Hors carrefour,Buiten Kruispunt,1,Normales,Normaal,1,Sec,Droog,2,Hors agglomération,buiten bebouwde kom,1,Jour,Dag,2,Route communale,Gemeenteweg,4,Avec blessé(s) leger(s),met lichtgewonden,03,Bicyclette,Fiets,09,Voiture,personenauto,4,Entre 2 conducteurs: Par le côté (avant/derrière-flanc),Tss. 2 best.: langs opzij (voor-/achterkant-flank),0,Pas d’obstacle,Geen hindernis,50.843905,3.254196
2024,10,16,34022,Région flamande,Vlaams Gewest,Province de Flandre occidentale,Provincie West-Vlaanderen,Courtrai,Kortrijk, 70221.200000,169206.000000,1,Carrefour,Op Kruispunt,1,Normales,Normaal,1,Sec,Droog,1,En agglomération,binnen bebouwde kom,1,Jour,Dag,2,Route communale,Gemeenteweg,4,Avec blessé(s) leger(s),met lichtgewonden,07,Motocyclette,Motorfiets,09,Voiture,personenauto,3,Entre 2 conducteurs: Par l'arrière,Tussen 2 bestuurders: Langs achteren,0,Pas d’obstacle,Geen hindernis,50.827811,3.236357
2024,10,08,34023,Région flamande,Vlaams Gewest,Province de Flandre occidentale,Provincie West-Vlaanderen,Kuurne,Kuurne, 72704.700000,173073.000000,2,Hors carrefour,Buiten Kruispunt,2,Pluie,Regenval,2,Humide, mouillé, flaques,Nat, plassen,2,Hors agglomération,buiten bebouwde kom,2,Aube, crépuscule,Dageraad - schemering,3,Route régionale,Gewestweg,3,Avec blessé(s) grave(s),met zwaargewonden,03,Bicyclette,Fiets,05,Camionnette,Lichte vrachtauto,4,Entre 2 conducteurs: Par le côté (avant/derrière-flanc),50.862905,3.270792
2024,10,17,34022,Région flamande,Vlaams Gewest,Province de Flandre occidentale,Provincie West-Vlaanderen,Courtrai,Kortrijk, 69531.100000,168893.000000,1,Carrefour,Op Kruispunt,9,Inconnues, indéterminées,Onbekend,1,Sec,Droog,1,En agglomération,binnen bebouwde kom,1,Jour,Dag,2,Route communale,Gemeenteweg,4,Avec blessé(s) leger(s),met lichtgewonden,09,Voiture,personenauto,06,Cyclomoteur,Bromfiets,4,Entre 2 conducteurs: Par le côté (avant/derrière-flanc),Tss. 2 best.: langs opzij (voor-/achterkant-flank),0,Pas d’obstacle,50.824903,3.226632
2024,10,08,34043,Région flamande,Vlaams Gewest,Province de Flandre occidentale,Provincie West-Vlaanderen,Espierres-Helchin,Spiere-Helkijn, 77581.900000,157600.000000,2,Hors carrefour,Buiten Kruispunt,1,Normales,Normaal,2,Humide, mouillé, flaques,Nat, plassen,2,Hors agglomération,buiten bebouwde kom,1,Jour,Dag,3,Route régionale,Gewestweg,3,Avec blessé(s) grave(s),met zwaargewonden,03,Bicyclette,Fiets,99,inconnu,onbekend,2,Entre 2 conducteurs: Collision frontale,Tussen 2 bestuurders: Frontale botsing,50.724449,3.343096
2024,10,08,34040,Région flamande,Vlaams Gewest,Province de Flandre occidentale,Provincie West-Vlaanderen,Waregem,Waregem, 82186.200000,177985.000000,1,Carrefour,Op Kruispunt,2,Pluie,Regenval,2,Humide, mouillé, flaques,Nat, plassen,1,En agglomération,binnen bebouwde kom,2,Aube, crépuscule,Dageraad - schemering,3,Route régionale,Gewestweg,4,Avec blessé(s) leger(s),met lichtgewonden,03,Bicyclette,Fiets,02,Autres,Andere weggebruiker,4,Entre 2 conducteurs: Par le côté (avant/derrière-flanc),50.90824,3.404553
2024,10,15,34042,Région flamande,Vlaams Gewest,Province de Flandre occidentale,Provincie West-Vlaanderen,Zwevegem,Zwevegem, 79230.700000,160831.000000,2,Hors carrefour,Buiten Kruispunt,1,Normales,Normaal,1,Sec,Droog,1,En agglomération,binnen bebouwde kom,1,Jour,Dag,2,Route communale,Gemeenteweg,4,Avec blessé(s) leger(s),met lichtgewonden,09,Voiture,personenauto,09,Voiture,personenauto,4,Entre 2 conducteurs: Par le côté (avant/derrière-flanc),Tss. 2 best.: langs opzij (voor-/achterkant-flank),0,Pas d’obstacle,Geen hindernis,50.753695,3.365828
2024,10,02,34042,Région flamande,Vlaams Gewest,Province de Flandre occidentale,Provincie West-Vlaanderen,Zwevegem,Zwevegem, 76689.700000,167442.000000,2,Hors carrefour,Buiten Kruispunt,1,Normales,Normaal,1,Sec,Droog,1,En agglomération,binnen bebouwde kom,3,Nuit, éclairage public présent et allumé,Nacht, openbare verlichting aanwezig en ontstoken,3,Route régionale,Gewestweg,4,Avec blessé(s) leger(s),met lichtgewonden,03,Bicyclette,Fiets,09,Voiture,personenauto,3,Entre 2 conducteurs: Par l'arrière,Tussen 2 bestuurders: Langs achteren,0,50.812806,3.32851
2024,08,18,34040,Région flamande,Vlaams Gewest,Province de Flandre occidentale,Provincie West-Vlaanderen,Waregem,Waregem, 84771.600000,175732.000000,2,Hors carrefour,Buiten Kruispunt,9,Inconnues, indéterminées,Onbekend,1,Sec,Droog,1,En agglomération,binnen bebouwde kom,1,Jour,Dag,3,Route régionale,Gewestweg,3,Avec blessé(s) grave(s),met zwaargewonden,03,Bicyclette,Fiets,11,usager/obstacle,een weggebruiker tegen een hindernis,6,Usager contre obstacle situé sur la chaussée,Weggebruiker tegen hindernis op de rijbaan,55,Sur la chaussée: Travaux (signal.,50.888284,3.441709
2024,09,07,34040,Région flamande,Vlaams Gewest,Province de Flandre occidentale,Provincie West-Vlaanderen,Waregem,Waregem, 84588.900000,175605.000000,1,Carrefour,Op Kruispunt,1,Normales,Normaal,1,Sec,Droog,1,En agglomération,binnen bebouwde kom,1,Jour,Dag,3,Route régionale,Gewestweg,4,Avec blessé(s) leger(s),met lichtgewonden,03,Bicyclette,Fiets,09,Voiture,personenauto,2,Entre 2 conducteurs: Collision frontale,Tussen 2 bestuurders: Frontale botsing,0,Pas d’obstacle,Geen hindernis,50.887122,3.439135
2024,10,00,34002,Région flamande,Vlaams Gewest,Province de Flandre occidentale,Provincie West-Vlaanderen,Anzegem,Anzegem, 81504.000000,170445.000000,2,Hors carrefour,Buiten Kruispunt,1,Normales,Normaal,1,Sec,Droog,1,En agglomération,binnen bebouwde kom,3,Nuit, éclairage public présent et allumé,Nacht, openbare verlichting aanwezig en ontstoken,3,Route régionale,Gewestweg,4,Avec blessé(s) leger(s),met lichtgewonden,09,Voiture,personenauto,11,usager/obstacle,een weggebruiker tegen een hindernis,7,Usager contre obstacle situé hors chaussée,Weggebruiker tegen hindernis buiten rijbaan,56,50.840385,3.396257
2024,09,15,34042,Région flamande,Vlaams Gewest,Province de Flandre occidentale,Provincie West-Vlaanderen,Zwevegem,Zwevegem, 77618.700000,166562.000000,2,Hors carrefour,Buiten Kruispunt,1,Normales,Normaal,9,Inconnu, indéterminé,Onbekend,1,En agglomération,binnen bebouwde kom,1,Jour,Dag,3,Route régionale,Gewestweg,4,Avec blessé(s) leger(s),met lichtgewonden,09,Voiture,personenauto,09,Voiture,personenauto,3,Entre 2 conducteurs: Par l'arrière,Tussen 2 bestuurders: Langs achteren,0,Pas d’obstacle,50.805012,3.341863